case_id,payment_id,exception_type,true_root_cause,expected_decision,actual_decision,decision_ok,resolution_path_ok,operation_ok,passed,investigation_mode,successful_hypotheses
S001,PAY00004,SETTLEMENT_AMOUNT_MISMATCH,SETTLEMENT_AMOUNT_ERROR,RESOLUTION_CANDIDATE,RESOLUTION_CANDIDATE,True,True,True,True,DETERMINISTIC,1
S002,PAY00009,FEE_MISMATCH,FEE_AMOUNT_ERROR,RESOLUTION_CANDIDATE,HUMAN_REVIEW,False,False,False,False,AI_FALLBACK_DETERMINISTIC,2
S003,PAY00005,DUPLICATE_PAYMENT,DUPLICATE_PAYMENT_RECORD,RESOLUTION_CANDIDATE,RESOLUTION_CANDIDATE,True,True,True,True,DETERMINISTIC,1
S004,PAY00004,DUPLICATE_PAYMENT,DUPLICATE_PAYMENT_RECORD,RESOLUTION_CANDIDATE,RESOLUTION_CANDIDATE,True,True,True,True,DETERMINISTIC,1
S005,PAY00018,SETTLEMENT_AMOUNT_MISMATCH,SETTLEMENT_AMOUNT_ERROR,RESOLUTION_CANDIDATE,RESOLUTION_CANDIDATE,True,True,True,True,DETERMINISTIC,1
S006,PAY00014,SETTLEMENT_AMOUNT_MISMATCH,SETTLEMENT_AMOUNT_ERROR,RESOLUTION_CANDIDATE,RESOLUTION_CANDIDATE,True,True,True,True,DETERMINISTIC,1
S007,PAY00003,FEE_MISMATCH,FEE_AMOUNT_ERROR,RESOLUTION_CANDIDATE,RESOLUTION_CANDIDATE,True,True,True,True,DETERMINISTIC,1
S008,PAY00017,MISSING_LEDGER_ENTRY,LEDGER_RECORD_MISSING,RESOLUTION_CANDIDATE,RESOLUTION_CANDIDATE,True,True,True,True,DETERMINISTIC,1
S009,PAY00001,MISSING_LEDGER_ENTRY,LEDGER_RECORD_MISSING,RESOLUTION_CANDIDATE,RESOLUTION_CANDIDATE,True,True,True,True,DETERMINISTIC,1
S010,PAY00007,DUPLICATE_PAYMENT,DUPLICATE_PAYMENT_RECORD,RESOLUTION_CANDIDATE,RESOLUTION_CANDIDATE,True,True,True,True,DETERMINISTIC,1
S011,PAY00018,MISSING_SETTLEMENT,SETTLEMENT_RECORD_MISSING,RESOLUTION_CANDIDATE,RESOLUTION_CANDIDATE,True,True,True,True,DETERMINISTIC,1
S012,PAY00008,MISSING_SETTLEMENT,SETTLEMENT_RECORD_MISSING,RESOLUTION_CANDIDATE,RESOLUTION_CANDIDATE,True,True,True,True,DETERMINISTIC,1
S013,PAY00001,FEE_MISMATCH,FEE_AMOUNT_ERROR,RESOLUTION_CANDIDATE,RESOLUTION_CANDIDATE,True,True,True,True,DETERMINISTIC,1
S014,PAY00005,FEE_MISMATCH,FEE_AMOUNT_ERROR,RESOLUTION_CANDIDATE,RESOLUTION_CANDIDATE,True,True,True,True,DETERMINISTIC,1
S015,PAY00004,SETTLEMENT_AMOUNT_MISMATCH,SETTLEMENT_AMOUNT_ERROR,RESOLUTION_CANDIDATE,RESOLUTION_CANDIDATE,True,True,True,True,DETERMINISTIC,1
S016,PAY00004,REFUND_MISMATCH,REFUND_AMOUNT_ERROR,RESOLUTION_CANDIDATE,RESOLUTION_CANDIDATE,True,True,True,True,DETERMINISTIC,1
S017,PAY00020,REFUND_MISMATCH,REFUND_AMOUNT_ERROR,RESOLUTION_CANDIDATE,RESOLUTION_CANDIDATE,True,True,True,True,DETERMINISTIC,1
S018,PAY00015,MISSING_LEDGER_ENTRY,LEDGER_RECORD_MISSING,RESOLUTION_CANDIDATE,RESOLUTION_CANDIDATE,True,True,True,True,DETERMINISTIC,1
S019,PAY00004,MISSING_SETTLEMENT,SETTLEMENT_RECORD_MISSING,RESOLUTION_CANDIDATE,RESOLUTION_CANDIDATE,True,True,True,True,DETERMINISTIC,1
S020,PAY00003,MISSING_LEDGER_ENTRY,LEDGER_RECORD_MISSING,RESOLUTION_CANDIDATE,RESOLUTION_CANDIDATE,True,True,True,True,DETERMINISTIC,1
S021,PAY00010,DUPLICATE_PAYMENT,DUPLICATE_PAYMENT_RECORD,RESOLUTION_CANDIDATE,RESOLUTION_CANDIDATE,True,True,True,True,DETERMINISTIC,1
S022,PAY00020,REFUND_MISMATCH,REFUND_AMOUNT_ERROR,RESOLUTION_CANDIDATE,RESOLUTION_CANDIDATE,True,True,True,True,DETERMINISTIC,1
S023,PAY00003,SETTLEMENT_AMOUNT_MISMATCH,SETTLEMENT_AMOUNT_ERROR,RESOLUTION_CANDIDATE,RESOLUTION_CANDIDATE,True,True,True,True,DETERMINISTIC,1
S024,PAY00003,FEE_MISMATCH,FEE_AMOUNT_ERROR,RESOLUTION_CANDIDATE,RESOLUTION_CANDIDATE,True,True,True,True,DETERMINISTIC,1
S025,PAY00015,DUPLICATE_PAYMENT,DUPLICATE_PAYMENT_RECORD,RESOLUTION_CANDIDATE,RESOLUTION_CANDIDATE,True,True,True,True,DETERMINISTIC,1
S026,PAY00012,FEE_MISMATCH,FEE_AMOUNT_ERROR,RESOLUTION_CANDIDATE,RESOLUTION_CANDIDATE,True,True,True,True,DETERMINISTIC,1
S027,PAY00012,FEE_MISMATCH,FEE_AMOUNT_ERROR,RESOLUTION_CANDIDATE,RESOLUTION_CANDIDATE,True,True,True,True,DETERMINISTIC,1
S028,PAY00003,MISSING_LEDGER_ENTRY,LEDGER_RECORD_MISSING,RESOLUTION_CANDIDATE,RESOLUTION_CANDIDATE,True,True,True,True,DETERMINISTIC,1
S029,PAY00006,MISSING_LEDGER_ENTRY,LEDGER_RECORD_MISSING,RESOLUTION_CANDIDATE,RESOLUTION_CANDIDATE,True,True,True,True,DETERMINISTIC,1
S030,PAY00008,FEE_MISMATCH,FEE_AMOUNT_ERROR,RESOLUTION_CANDIDATE,RESOLUTION_CANDIDATE,True,True,True,True,DETERMINISTIC,1
S031,PAY00018,FEE_MISMATCH,FEE_AMOUNT_ERROR,RESOLUTION_CANDIDATE,RESOLUTION_CANDIDATE,True,True,True,True,DETERMINISTIC,1
S032,PAY00011,MISSING_SETTLEMENT,SETTLEMENT_RECORD_MISSING,RESOLUTION_CANDIDATE,RESOLUTION_CANDIDATE,True,True,True,True,DETERMINISTIC,1
S033,PAY00009,SETTLEMENT_AMOUNT_MISMATCH,SETTLEMENT_AMOUNT_ERROR,RESOLUTION_CANDIDATE,RESOLUTION_CANDIDATE,True,True,True,True,DETERMINISTIC,1
S034,PAY00019,DUPLICATE_PAYMENT,DUPLICATE_PAYMENT_RECORD,RESOLUTION_CANDIDATE,RESOLUTION_CANDIDATE,True,True,True,True,DETERMINISTIC,1
S035,PAY00011,FEE_MISMATCH,FEE_AMOUNT_ERROR,RESOLUTION_CANDIDATE,RESOLUTION_CANDIDATE,True,True,True,True,DETERMINISTIC,1
S036,PAY00013,DUPLICATE_PAYMENT,DUPLICATE_PAYMENT_RECORD,RESOLUTION_CANDIDATE,RESOLUTION_CANDIDATE,True,True,True,True,DETERMINISTIC,1
S037,PAY00015,FEE_MISMATCH,FEE_AMOUNT_ERROR,RESOLUTION_CANDIDATE,RESOLUTION_CANDIDATE,True,True,True,True,DETERMINISTIC,1
S038,PAY00005,FEE_MISMATCH,FEE_AMOUNT_ERROR,RESOLUTION_CANDIDATE,RESOLUTION_CANDIDATE,True,True,True,True,DETERMINISTIC,1
S039,PAY00019,MISSING_SETTLEMENT,SETTLEMENT_RECORD_MISSING,RESOLUTION_CANDIDATE,RESOLUTION_CANDIDATE,True,True,True,True,DETERMINISTIC,1
S040,PAY00019,MISSING_SETTLEMENT,SETTLEMENT_RECORD_MISSING,RESOLUTION_CANDIDATE,RESOLUTION_CANDIDATE,True,True,True,True,DETERMINISTIC,1
S041,PAY00017,MISSING_SETTLEMENT,SETTLEMENT_RECORD_MISSING,RESOLUTION_CANDIDATE,RESOLUTION_CANDIDATE,True,True,True,True,DETERMINISTIC,1
S042,PAY00003,SETTLEMENT_AMOUNT_MISMATCH,SETTLEMENT_AMOUNT_ERROR,RESOLUTION_CANDIDATE,RESOLUTION_CANDIDATE,True,True,True,True,DETERMINISTIC,1
S043,PAY00005,DUPLICATE_PAYMENT,DUPLICATE_PAYMENT_RECORD,RESOLUTION_CANDIDATE,RESOLUTION_CANDIDATE,True,True,True,True,DETERMINISTIC,1
S044,PAY00006,DUPLICATE_PAYMENT,DUPLICATE_PAYMENT_RECORD,RESOLUTION_CANDIDATE,RESOLUTION_CANDIDATE,True,True,True,True,DETERMINISTIC,1
S045,PAY00014,MISSING_LEDGER_ENTRY,LEDGER_RECORD_MISSING,RESOLUTION_CANDIDATE,RESOLUTION_CANDIDATE,True,True,True,True,DETERMINISTIC,1
S046,PAY00003,MISSING_SETTLEMENT,SETTLEMENT_RECORD_MISSING,RESOLUTION_CANDIDATE,RESOLUTION_CANDIDATE,True,True,True,True,DETERMINISTIC,1
S047,PAY00013,MISSING_LEDGER_ENTRY,LEDGER_RECORD_MISSING,RESOLUTION_CANDIDATE,RESOLUTION_CANDIDATE,True,True,True,True,DETERMINISTIC,1
S048,PAY00015,MISSING_LEDGER_ENTRY,LEDGER_RECORD_MISSING,RESOLUTION_CANDIDATE,RESOLUTION_CANDIDATE,True,True,True,True,DETERMINISTIC,1
S049,PAY00009,MISSING_LEDGER_ENTRY,LEDGER_RECORD_MISSING,RESOLUTION_CANDIDATE,RESOLUTION_CANDIDATE,True,True,True,True,DETERMINISTIC,1
S050,PAY00001,DUPLICATE_PAYMENT,DUPLICATE_PAYMENT_RECORD,RESOLUTION_CANDIDATE,RESOLUTION_CANDIDATE,True,True,True,True,DETERMINISTIC,1
S051,PAY00004,DUPLICATE_PAYMENT,DUPLICATE_PAYMENT_RECORD,RESOLUTION_CANDIDATE,RESOLUTION_CANDIDATE,True,True,True,True,DETERMINISTIC,1
S052,PAY00011,SETTLEMENT_AMOUNT_MISMATCH,SETTLEMENT_AMOUNT_ERROR,RESOLUTION_CANDIDATE,RESOLUTION_CANDIDATE,True,True,True,True,DETERMINISTIC,1
S053,PAY00014,FEE_MISMATCH,FEE_AMOUNT_ERROR,RESOLUTION_CANDIDATE,RESOLUTION_CANDIDATE,True,True,True,True,DETERMINISTIC,1
S054,PAY00001,DUPLICATE_PAYMENT,DUPLICATE_PAYMENT_RECORD,RESOLUTION_CANDIDATE,RESOLUTION_CANDIDATE,True,True,True,True,DETERMINISTIC,1
S055,PAY00009,MISSING_LEDGER_ENTRY,LEDGER_RECORD_MISSING,RESOLUTION_CANDIDATE,RESOLUTION_CANDIDATE,True,True,True,True,DETERMINISTIC,1
S056,PAY00006,MISSING_LEDGER_ENTRY,LEDGER_RECORD_MISSING,RESOLUTION_CANDIDATE,RESOLUTION_CANDIDATE,True,True,True,True,DETERMINISTIC,1
S057,PAY00004,DUPLICATE_PAYMENT,DUPLICATE_PAYMENT_RECORD,RESOLUTION_CANDIDATE,RESOLUTION_CANDIDATE,True,True,True,True,DETERMINISTIC,1
S058,PAY00010,DUPLICATE_PAYMENT,DUPLICATE_PAYMENT_RECORD,RESOLUTION_CANDIDATE,RESOLUTION_CANDIDATE,True,True,True,True,DETERMINISTIC,1
S059,PAY00017,MISSING_LEDGER_ENTRY,LEDGER_RECORD_MISSING,RESOLUTION_CANDIDATE,RESOLUTION_CANDIDATE,True,True,True,True,DETERMINISTIC,1
S060,PAY00007,FEE_MISMATCH,FEE_AMOUNT_ERROR,RESOLUTION_CANDIDATE,RESOLUTION_CANDIDATE,True,True,True,True,DETERMINISTIC,1
S061,PAY00006,MISSING_LEDGER_ENTRY,LEDGER_RECORD_MISSING,RESOLUTION_CANDIDATE,RESOLUTION_CANDIDATE,True,True,True,True,DETERMINISTIC,1
S062,PAY00017,SETTLEMENT_AMOUNT_MISMATCH,SETTLEMENT_AMOUNT_ERROR,RESOLUTION_CANDIDATE,RESOLUTION_CANDIDATE,True,True,True,True,DETERMINISTIC,1
S063,PAY00011,MISSING_SETTLEMENT,SETTLEMENT_RECORD_MISSING,RESOLUTION_CANDIDATE,RESOLUTION_CANDIDATE,True,True,True,True,DETERMINISTIC,1
S064,PAY00001,SETTLEMENT_AMOUNT_MISMATCH,SETTLEMENT_AMOUNT_ERROR,RESOLUTION_CANDIDATE,RESOLUTION_CANDIDATE,True,True,True,True,DETERMINISTIC,1
S065,PAY00010,FEE_MISMATCH,FEE_AMOUNT_ERROR,RESOLUTION_CANDIDATE,RESOLUTION_CANDIDATE,True,True,True,True,DETERMINISTIC,1
S066,PAY00008,MISSING_LEDGER_ENTRY,LEDGER_RECORD_MISSING,RESOLUTION_CANDIDATE,RESOLUTION_CANDIDATE,True,True,True,True,DETERMINISTIC,1
S067,PAY00003,SETTLEMENT_AMOUNT_MISMATCH,SETTLEMENT_AMOUNT_ERROR,RESOLUTION_CANDIDATE,RESOLUTION_CANDIDATE,True,True,True,True,DETERMINISTIC,1
S068,PAY00016,SETTLEMENT_AMOUNT_MISMATCH,SETTLEMENT_AMOUNT_ERROR,RESOLUTION_CANDIDATE,RESOLUTION_CANDIDATE,True,True,True,True,DETERMINISTIC,1
S069,PAY00005,FEE_MISMATCH,FEE_AMOUNT_ERROR,RESOLUTION_CANDIDATE,RESOLUTION_CANDIDATE,True,True,True,True,DETERMINISTIC,1
S070,PAY00018,FEE_MISMATCH,FEE_AMOUNT_ERROR,RESOLUTION_CANDIDATE,RESOLUTION_CANDIDATE,True,True,True,True,DETERMINISTIC,1
S071,PAY00017,MISSING_LEDGER_ENTRY,LEDGER_RECORD_MISSING,RESOLUTION_CANDIDATE,RESOLUTION_CANDIDATE,True,True,True,True,DETERMINISTIC,1
S072,PAY00014,FEE_MISMATCH,FEE_AMOUNT_ERROR,RESOLUTION_CANDIDATE,RESOLUTION_CANDIDATE,True,True,True,True,DETERMINISTIC,1
S073,PAY00007,DUPLICATE_PAYMENT,DUPLICATE_PAYMENT_RECORD,RESOLUTION_CANDIDATE,RESOLUTION_CANDIDATE,True,True,True,True,DETERMINISTIC,1
S074,PAY00010,MISSING_SETTLEMENT,SETTLEMENT_RECORD_MISSING,RESOLUTION_CANDIDATE,RESOLUTION_CANDIDATE,True,True,True,True,DETERMINISTIC,1
S075,PAY00012,MISSING_SETTLEMENT,SETTLEMENT_RECORD_MISSING,RESOLUTION_CANDIDATE,RESOLUTION_CANDIDATE,True,True,True,True,DETERMINISTIC,1
S076,PAY00017,MISSING_SETTLEMENT,SETTLEMENT_RECORD_MISSING,RESOLUTION_CANDIDATE,RESOLUTION_CANDIDATE,True,True,True,True,DETERMINISTIC,1
S077,PAY00004,FEE_MISMATCH,FEE_AMOUNT_ERROR,RESOLUTION_CANDIDATE,HUMAN_REVIEW,False,False,False,False,AI_FALLBACK_DETERMINISTIC,2
S078,PAY00001,MISSING_LEDGER_ENTRY,LEDGER_RECORD_MISSING,RESOLUTION_CANDIDATE,RESOLUTION_CANDIDATE,True,True,True,True,DETERMINISTIC,1
S079,PAY00018,FEE_MISMATCH,FEE_AMOUNT_ERROR,RESOLUTION_CANDIDATE,RESOLUTION_CANDIDATE,True,True,True,True,DETERMINISTIC,1
S080,PAY00008,SETTLEMENT_AMOUNT_MISMATCH,SETTLEMENT_AMOUNT_ERROR,RESOLUTION_CANDIDATE,RESOLUTION_CANDIDATE,True,True,True,True,DETERMINISTIC,1
S081,PAY00003,MISSING_LEDGER_ENTRY,LEDGER_RECORD_MISSING,RESOLUTION_CANDIDATE,RESOLUTION_CANDIDATE,True,True,True,True,DETERMINISTIC,1
S082,PAY00016,FEE_MISMATCH,FEE_AMOUNT_ERROR,RESOLUTION_CANDIDATE,RESOLUTION_CANDIDATE,True,True,True,True,DETERMINISTIC,1
S083,PAY00005,DUPLICATE_PAYMENT,DUPLICATE_PAYMENT_RECORD,RESOLUTION_CANDIDATE,RESOLUTION_CANDIDATE,True,True,True,True,DETERMINISTIC,1
S084,PAY00019,MISSING_LEDGER_ENTRY,LEDGER_RECORD_MISSING,RESOLUTION_CANDIDATE,RESOLUTION_CANDIDATE,True,True,True,True,DETERMINISTIC,1
S085,PAY00016,FEE_MISMATCH,FEE_AMOUNT_ERROR,RESOLUTION_CANDIDATE,RESOLUTION_CANDIDATE,True,True,True,True,DETERMINISTIC,1
S086,PAY00004,DUPLICATE_PAYMENT,DUPLICATE_PAYMENT_RECORD,RESOLUTION_CANDIDATE,RESOLUTION_CANDIDATE,True,True,True,True,DETERMINISTIC,1
S087,PAY00014,MISSING_SETTLEMENT,SETTLEMENT_RECORD_MISSING,RESOLUTION_CANDIDATE,RESOLUTION_CANDIDATE,True,True,True,True,DETERMINISTIC,1
S088,PAY00015,DUPLICATE_PAYMENT,DUPLICATE_PAYMENT_RECORD,RESOLUTION_CANDIDATE,RESOLUTION_CANDIDATE,True,True,True,True,DETERMINISTIC,1
S089,PAY00002,DUPLICATE_PAYMENT,DUPLICATE_PAYMENT_RECORD,RESOLUTION_CANDIDATE,RESOLUTION_CANDIDATE,True,True,True,True,DETERMINISTIC,1
S090,PAY00004,SETTLEMENT_AMOUNT_MISMATCH,SETTLEMENT_AMOUNT_ERROR,RESOLUTION_CANDIDATE,RESOLUTION_CANDIDATE,True,True,True,True,DETERMINISTIC,1
S091,PAY00011,SETTLEMENT_AMOUNT_MISMATCH,SETTLEMENT_AMOUNT_ERROR,RESOLUTION_CANDIDATE,RESOLUTION_CANDIDATE,True,True,True,True,DETERMINISTIC,1
S092,PAY00007,FEE_MISMATCH,FEE_AMOUNT_ERROR,RESOLUTION_CANDIDATE,RESOLUTION_CANDIDATE,True,True,True,True,DETERMINISTIC,1
S093,PAY00015,FEE_MISMATCH,FEE_AMOUNT_ERROR,RESOLUTION_CANDIDATE,RESOLUTION_CANDIDATE,True,True,True,True,DETERMINISTIC,1
S094,PAY00015,FEE_MISMATCH,FEE_AMOUNT_ERROR,RESOLUTION_CANDIDATE,RESOLUTION_CANDIDATE,True,True,True,True,DETERMINISTIC,1
S095,PAY00015,MISSING_LEDGER_ENTRY,LEDGER_RECORD_MISSING,RESOLUTION_CANDIDATE,RESOLUTION_CANDIDATE,True,True,True,True,DETERMINISTIC,1
S096,PAY00004,SETTLEMENT_AMOUNT_MISMATCH,SETTLEMENT_AMOUNT_ERROR,RESOLUTION_CANDIDATE,RESOLUTION_CANDIDATE,True,True,True,True,DETERMINISTIC,1
S097,PAY00018,SETTLEMENT_AMOUNT_MISMATCH,SETTLEMENT_AMOUNT_ERROR,RESOLUTION_CANDIDATE,RESOLUTION_CANDIDATE,True,True,True,True,DETERMINISTIC,1
S098,PAY00008,FEE_MISMATCH,FEE_AMOUNT_ERROR,RESOLUTION_CANDIDATE,RESOLUTION_CANDIDATE,True,True,True,True,DETERMINISTIC,1
S099,PAY00016,MISSING_SETTLEMENT,SETTLEMENT_RECORD_MISSING,RESOLUTION_CANDIDATE,RESOLUTION_CANDIDATE,True,True,True,True,DETERMINISTIC,1
S100,PAY00007,MISSING_SETTLEMENT,SETTLEMENT_RECORD_MISSING,RESOLUTION_CANDIDATE,RESOLUTION_CANDIDATE,True,True,True,True,DETERMINISTIC,1
S101,PAY00002,FEE_MISMATCH,FEE_AMOUNT_ERROR,RESOLUTION_CANDIDATE,RESOLUTION_CANDIDATE,True,True,True,True,DETERMINISTIC,1
S102,PAY00001,MISSING_SETTLEMENT,SETTLEMENT_RECORD_MISSING,RESOLUTION_CANDIDATE,RESOLUTION_CANDIDATE,True,True,True,True,DETERMINISTIC,1
S103,PAY00009,MISSING_SETTLEMENT,SETTLEMENT_RECORD_MISSING,RESOLUTION_CANDIDATE,RESOLUTION_CANDIDATE,True,True,True,True,DETERMINISTIC,1
S104,PAY00010,MISSING_SETTLEMENT,SETTLEMENT_RECORD_MISSING,RESOLUTION_CANDIDATE,RESOLUTION_CANDIDATE,True,True,True,True,DETERMINISTIC,1
S105,PAY00018,DUPLICATE_PAYMENT,DUPLICATE_PAYMENT_RECORD,RESOLUTION_CANDIDATE,RESOLUTION_CANDIDATE,True,True,True,True,DETERMINISTIC,1
S106,PAY00016,FEE_MISMATCH,FEE_AMOUNT_ERROR,RESOLUTION_CANDIDATE,RESOLUTION_CANDIDATE,True,True,True,True,DETERMINISTIC,1
S107,PAY00010,FEE_MISMATCH,FEE_AMOUNT_ERROR,RESOLUTION_CANDIDATE,RESOLUTION_CANDIDATE,True,True,True,True,DETERMINISTIC,1
S108,PAY00019,DUPLICATE_PAYMENT,DUPLICATE_PAYMENT_RECORD,RESOLUTION_CANDIDATE,RESOLUTION_CANDIDATE,True,True,True,True,DETERMINISTIC,1
S109,PAY00018,SETTLEMENT_AMOUNT_MISMATCH,SETTLEMENT_AMOUNT_ERROR,RESOLUTION_CANDIDATE,RESOLUTION_CANDIDATE,True,True,True,True,DETERMINISTIC,1
S110,PAY00011,SETTLEMENT_AMOUNT_MISMATCH,SETTLEMENT_AMOUNT_ERROR,RESOLUTION_CANDIDATE,RESOLUTION_CANDIDATE,True,True,True,True,DETERMINISTIC,1
S111,PAY00019,MISSING_SETTLEMENT,SETTLEMENT_RECORD_MISSING,RESOLUTION_CANDIDATE,RESOLUTION_CANDIDATE,True,True,True,True,DETERMINISTIC,1
S112,PAY00017,MISSING_LEDGER_ENTRY,LEDGER_RECORD_MISSING,RESOLUTION_CANDIDATE,RESOLUTION_CANDIDATE,True,True,True,True,DETERMINISTIC,1
S113,PAY00006,SETTLEMENT_AMOUNT_MISMATCH,SETTLEMENT_AMOUNT_ERROR,RESOLUTION_CANDIDATE,RESOLUTION_CANDIDATE,True,True,True,True,DETERMINISTIC,1
S114,PAY00003,FEE_MISMATCH,FEE_AMOUNT_ERROR,RESOLUTION_CANDIDATE,RESOLUTION_CANDIDATE,True,True,True,True,DETERMINISTIC,1
S115,PAY00020,SETTLEMENT_AMOUNT_MISMATCH,SETTLEMENT_AMOUNT_ERROR,RESOLUTION_CANDIDATE,RESOLUTION_CANDIDATE,True,True,True,True,DETERMINISTIC,1
S116,PAY00008,MISSING_SETTLEMENT,SETTLEMENT_RECORD_MISSING,RESOLUTION_CANDIDATE,RESOLUTION_CANDIDATE,True,True,True,True,DETERMINISTIC,1
S117,PAY00004,MISSING_LEDGER_ENTRY,LEDGER_RECORD_MISSING,RESOLUTION_CANDIDATE,RESOLUTION_CANDIDATE,True,True,True,True,DETERMINISTIC,1
S118,PAY00008,MISSING_LEDGER_ENTRY,LEDGER_RECORD_MISSING,RESOLUTION_CANDIDATE,RESOLUTION_CANDIDATE,True,True,True,True,DETERMINISTIC,1
S119,PAY00020,SETTLEMENT_AMOUNT_MISMATCH,SETTLEMENT_AMOUNT_ERROR,RESOLUTION_CANDIDATE,RESOLUTION_CANDIDATE,True,True,True,True,DETERMINISTIC,1
S120,PAY00003,MISSING_SETTLEMENT,SETTLEMENT_RECORD_MISSING,RESOLUTION_CANDIDATE,RESOLUTION_CANDIDATE,True,True,True,True,DETERMINISTIC,1
S121,PAY00019,MISSING_LEDGER_ENTRY,LEDGER_RECORD_MISSING,RESOLUTION_CANDIDATE,RESOLUTION_CANDIDATE,True,True,True,True,DETERMINISTIC,1
S122,PAY00017,REFUND_MISMATCH,REFUND_AMOUNT_ERROR,RESOLUTION_CANDIDATE,RESOLUTION_CANDIDATE,True,True,True,True,DETERMINISTIC,1
S123,PAY00007,DUPLICATE_PAYMENT,DUPLICATE_PAYMENT_RECORD,RESOLUTION_CANDIDATE,RESOLUTION_CANDIDATE,True,True,True,True,DETERMINISTIC,1
S124,PAY00011,FEE_MISMATCH,FEE_AMOUNT_ERROR,RESOLUTION_CANDIDATE,RESOLUTION_CANDIDATE,True,True,True,True,DETERMINISTIC,1
S125,PAY00013,FEE_MISMATCH,FEE_AMOUNT_ERROR,RESOLUTION_CANDIDATE,RESOLUTION_CANDIDATE,True,True,True,True,DETERMINISTIC,1
S126,PAY00003,SETTLEMENT_AMOUNT_MISMATCH,SETTLEMENT_AMOUNT_ERROR,RESOLUTION_CANDIDATE,RESOLUTION_CANDIDATE,True,True,True,True,DETERMINISTIC,1
S127,PAY00020,MISSING_LEDGER_ENTRY,LEDGER_RECORD_MISSING,RESOLUTION_CANDIDATE,RESOLUTION_CANDIDATE,True,True,True,True,DETERMINISTIC,1
S128,PAY00004,SETTLEMENT_AMOUNT_MISMATCH,SETTLEMENT_AMOUNT_ERROR,RESOLUTION_CANDIDATE,RESOLUTION_CANDIDATE,True,True,True,True,DETERMINISTIC,1
S129,PAY00007,MISSING_LEDGER_ENTRY,LEDGER_RECORD_MISSING,RESOLUTION_CANDIDATE,RESOLUTION_CANDIDATE,True,True,True,True,DETERMINISTIC,1
S130,PAY00009,FEE_MISMATCH,FEE_AMOUNT_ERROR,RESOLUTION_CANDIDATE,HUMAN_REVIEW,False,False,False,False,AI_FALLBACK_DETERMINISTIC,2
S131,PAY00003,FEE_MISMATCH,FEE_AMOUNT_ERROR,RESOLUTION_CANDIDATE,RESOLUTION_CANDIDATE,True,True,True,True,DETERMINISTIC,1
S132,PAY00010,FEE_MISMATCH,FEE_AMOUNT_ERROR,RESOLUTION_CANDIDATE,RESOLUTION_CANDIDATE,True,True,True,True,DETERMINISTIC,1
S133,PAY00018,DUPLICATE_PAYMENT,DUPLICATE_PAYMENT_RECORD,RESOLUTION_CANDIDATE,RESOLUTION_CANDIDATE,True,True,True,True,DETERMINISTIC,1
S134,PAY00010,MISSING_LEDGER_ENTRY,LEDGER_RECORD_MISSING,RESOLUTION_CANDIDATE,RESOLUTION_CANDIDATE,True,True,True,True,DETERMINISTIC,1
S135,PAY00017,SETTLEMENT_AMOUNT_MISMATCH,SETTLEMENT_AMOUNT_ERROR,RESOLUTION_CANDIDATE,RESOLUTION_CANDIDATE,True,True,True,True,DETERMINISTIC,1
S136,PAY00004,FEE_MISMATCH,FEE_AMOUNT_ERROR,RESOLUTION_CANDIDATE,HUMAN_REVIEW,False,False,False,False,AI_FALLBACK_DETERMINISTIC,2
S137,PAY00004,SETTLEMENT_AMOUNT_MISMATCH,SETTLEMENT_AMOUNT_ERROR,RESOLUTION_CANDIDATE,RESOLUTION_CANDIDATE,True,True,True,True,DETERMINISTIC,1
S138,PAY00018,FEE_MISMATCH,FEE_AMOUNT_ERROR,RESOLUTION_CANDIDATE,RESOLUTION_CANDIDATE,True,True,True,True,DETERMINISTIC,1
S139,PAY00010,MISSING_LEDGER_ENTRY,LEDGER_RECORD_MISSING,RESOLUTION_CANDIDATE,RESOLUTION_CANDIDATE,True,True,True,True,DETERMINISTIC,1
S140,PAY00007,DUPLICATE_PAYMENT,DUPLICATE_PAYMENT_RECORD,RESOLUTION_CANDIDATE,RESOLUTION_CANDIDATE,True,True,True,True,DETERMINISTIC,1
S141,PAY00011,FEE_MISMATCH,FEE_AMOUNT_ERROR,RESOLUTION_CANDIDATE,RESOLUTION_CANDIDATE,True,True,True,True,DETERMINISTIC,1
S142,PAY00017,MISSING_SETTLEMENT,SETTLEMENT_RECORD_MISSING,RESOLUTION_CANDIDATE,RESOLUTION_CANDIDATE,True,True,True,True,DETERMINISTIC,1
S143,PAY00009,SETTLEMENT_AMOUNT_MISMATCH,SETTLEMENT_AMOUNT_ERROR,RESOLUTION_CANDIDATE,RESOLUTION_CANDIDATE,True,True,True,True,DETERMINISTIC,1
S144,PAY00002,SETTLEMENT_AMOUNT_MISMATCH,SETTLEMENT_AMOUNT_ERROR,RESOLUTION_CANDIDATE,RESOLUTION_CANDIDATE,True,True,True,True,DETERMINISTIC,1
S145,PAY00005,DUPLICATE_PAYMENT,DUPLICATE_PAYMENT_RECORD,RESOLUTION_CANDIDATE,RESOLUTION_CANDIDATE,True,True,True,True,DETERMINISTIC,1
S146,PAY00009,FEE_MISMATCH,FEE_AMOUNT_ERROR,RESOLUTION_CANDIDATE,HUMAN_REVIEW,False,False,False,False,AI_FALLBACK_DETERMINISTIC,2
S147,PAY00018,DUPLICATE_PAYMENT,DUPLICATE_PAYMENT_RECORD,RESOLUTION_CANDIDATE,RESOLUTION_CANDIDATE,True,True,True,True,DETERMINISTIC,1
S148,PAY00014,MISSING_LEDGER_ENTRY,LEDGER_RECORD_MISSING,RESOLUTION_CANDIDATE,RESOLUTION_CANDIDATE,True,True,True,True,DETERMINISTIC,1
S149,PAY00001,SETTLEMENT_AMOUNT_MISMATCH,SETTLEMENT_AMOUNT_ERROR,RESOLUTION_CANDIDATE,RESOLUTION_CANDIDATE,True,True,True,True,DETERMINISTIC,1
S150,PAY00005,MISSING_LEDGER_ENTRY,LEDGER_RECORD_MISSING,RESOLUTION_CANDIDATE,RESOLUTION_CANDIDATE,True,True,True,True,DETERMINISTIC,1
S151,PAY00019,MISSING_LEDGER_ENTRY,LEDGER_RECORD_MISSING,RESOLUTION_CANDIDATE,RESOLUTION_CANDIDATE,True,True,True,True,DETERMINISTIC,1
S152,PAY00005,MISSING_SETTLEMENT,SETTLEMENT_RECORD_MISSING,RESOLUTION_CANDIDATE,RESOLUTION_CANDIDATE,True,True,True,True,DETERMINISTIC,1
S153,PAY00005,SETTLEMENT_AMOUNT_MISMATCH,SETTLEMENT_AMOUNT_ERROR,RESOLUTION_CANDIDATE,RESOLUTION_CANDIDATE,True,True,True,True,DETERMINISTIC,1
S154,PAY00012,SETTLEMENT_AMOUNT_MISMATCH,SETTLEMENT_AMOUNT_ERROR,RESOLUTION_CANDIDATE,RESOLUTION_CANDIDATE,True,True,True,True,DETERMINISTIC,1
S155,PAY00007,DUPLICATE_PAYMENT,DUPLICATE_PAYMENT_RECORD,RESOLUTION_CANDIDATE,RESOLUTION_CANDIDATE,True,True,True,True,DETERMINISTIC,1
S156,PAY00008,DUPLICATE_PAYMENT,DUPLICATE_PAYMENT_RECORD,RESOLUTION_CANDIDATE,RESOLUTION_CANDIDATE,True,True,True,True,DETERMINISTIC,1
S157,PAY00004,REFUND_MISMATCH,REFUND_AMOUNT_ERROR,RESOLUTION_CANDIDATE,RESOLUTION_CANDIDATE,True,True,True,True,DETERMINISTIC,1
S158,PAY00020,DUPLICATE_PAYMENT,DUPLICATE_PAYMENT_RECORD,RESOLUTION_CANDIDATE,RESOLUTION_CANDIDATE,True,True,True,True,DETERMINISTIC,1
S159,PAY00005,FEE_MISMATCH,FEE_AMOUNT_ERROR,RESOLUTION_CANDIDATE,RESOLUTION_CANDIDATE,True,True,True,True,DETERMINISTIC,1
S160,PAY00006,MISSING_SETTLEMENT,SETTLEMENT_RECORD_MISSING,RESOLUTION_CANDIDATE,RESOLUTION_CANDIDATE,True,True,True,True,DETERMINISTIC,1
S161,PAY00001,FEE_MISMATCH,FEE_AMOUNT_ERROR,RESOLUTION_CANDIDATE,RESOLUTION_CANDIDATE,True,True,True,True,DETERMINISTIC,1
S162,PAY00014,DUPLICATE_PAYMENT,DUPLICATE_PAYMENT_RECORD,RESOLUTION_CANDIDATE,RESOLUTION_CANDIDATE,True,True,True,True,DETERMINISTIC,1
S163,PAY00006,DUPLICATE_PAYMENT,DUPLICATE_PAYMENT_RECORD,RESOLUTION_CANDIDATE,RESOLUTION_CANDIDATE,True,True,True,True,DETERMINISTIC,1
S164,PAY00004,MISSING_SETTLEMENT,SETTLEMENT_RECORD_MISSING,RESOLUTION_CANDIDATE,RESOLUTION_CANDIDATE,True,True,True,True,DETERMINISTIC,1
S165,PAY00002,MISSING_SETTLEMENT,SETTLEMENT_RECORD_MISSING,RESOLUTION_CANDIDATE,RESOLUTION_CANDIDATE,True,True,True,True,DETERMINISTIC,1
S166,PAY00008,FEE_MISMATCH,FEE_AMOUNT_ERROR,RESOLUTION_CANDIDATE,RESOLUTION_CANDIDATE,True,True,True,True,DETERMINISTIC,1
S167,PAY00008,FEE_MISMATCH,FEE_AMOUNT_ERROR,RESOLUTION_CANDIDATE,RESOLUTION_CANDIDATE,True,True,True,True,DETERMINISTIC,1
S168,PAY00007,MISSING_SETTLEMENT,SETTLEMENT_RECORD_MISSING,RESOLUTION_CANDIDATE,RESOLUTION_CANDIDATE,True,True,True,True,DETERMINISTIC,1
S169,PAY00012,DUPLICATE_PAYMENT,DUPLICATE_PAYMENT_RECORD,RESOLUTION_CANDIDATE,RESOLUTION_CANDIDATE,True,True,True,True,DETERMINISTIC,1
S170,PAY00017,MISSING_SETTLEMENT,SETTLEMENT_RECORD_MISSING,RESOLUTION_CANDIDATE,RESOLUTION_CANDIDATE,True,True,True,True,DETERMINISTIC,1
S171,PAY00001,SETTLEMENT_AMOUNT_MISMATCH,SETTLEMENT_AMOUNT_ERROR,RESOLUTION_CANDIDATE,RESOLUTION_CANDIDATE,True,True,True,True,DETERMINISTIC,1
S172,PAY00006,MISSING_LEDGER_ENTRY,LEDGER_RECORD_MISSING,RESOLUTION_CANDIDATE,RESOLUTION_CANDIDATE,True,True,True,True,DETERMINISTIC,1
S173,PAY00009,SETTLEMENT_AMOUNT_MISMATCH,SETTLEMENT_AMOUNT_ERROR,RESOLUTION_CANDIDATE,RESOLUTION_CANDIDATE,True,True,True,True,DETERMINISTIC,1
S174,PAY00020,MISSING_SETTLEMENT,SETTLEMENT_RECORD_MISSING,RESOLUTION_CANDIDATE,RESOLUTION_CANDIDATE,True,True,True,True,DETERMINISTIC,1
S175,PAY00012,DUPLICATE_PAYMENT,DUPLICATE_PAYMENT_RECORD,RESOLUTION_CANDIDATE,RESOLUTION_CANDIDATE,True,True,True,True,DETERMINISTIC,1
S176,PAY00011,MISSING_SETTLEMENT,SETTLEMENT_RECORD_MISSING,RESOLUTION_CANDIDATE,RESOLUTION_CANDIDATE,True,True,True,True,DETERMINISTIC,1
S177,PAY00020,MISSING_LEDGER_ENTRY,LEDGER_RECORD_MISSING,RESOLUTION_CANDIDATE,RESOLUTION_CANDIDATE,True,True,True,True,DETERMINISTIC,1
S178,PAY00004,MISSING_SETTLEMENT,SETTLEMENT_RECORD_MISSING,RESOLUTION_CANDIDATE,RESOLUTION_CANDIDATE,True,True,True,True,DETERMINISTIC,1
S179,PAY00019,FEE_MISMATCH,FEE_AMOUNT_ERROR,RESOLUTION_CANDIDATE,RESOLUTION_CANDIDATE,True,True,True,True,DETERMINISTIC,1
S180,PAY00002,DUPLICATE_PAYMENT,DUPLICATE_PAYMENT_RECORD,RESOLUTION_CANDIDATE,RESOLUTION_CANDIDATE,True,True,True,True,DETERMINISTIC,1
S181,PAY00014,SETTLEMENT_AMOUNT_MISMATCH,SETTLEMENT_AMOUNT_ERROR,RESOLUTION_CANDIDATE,RESOLUTION_CANDIDATE,True,True,True,True,DETERMINISTIC,1
S182,PAY00018,DUPLICATE_PAYMENT,DUPLICATE_PAYMENT_RECORD,RESOLUTION_CANDIDATE,RESOLUTION_CANDIDATE,True,True,True,True,DETERMINISTIC,1
S183,PAY00014,SETTLEMENT_AMOUNT_MISMATCH,SETTLEMENT_AMOUNT_ERROR,RESOLUTION_CANDIDATE,RESOLUTION_CANDIDATE,True,True,True,True,DETERMINISTIC,1
S184,PAY00011,MISSING_LEDGER_ENTRY,LEDGER_RECORD_MISSING,RESOLUTION_CANDIDATE,RESOLUTION_CANDIDATE,True,True,True,True,DETERMINISTIC,1
S185,PAY00011,DUPLICATE_PAYMENT,DUPLICATE_PAYMENT_RECORD,RESOLUTION_CANDIDATE,RESOLUTION_CANDIDATE,True,True,True,True,DETERMINISTIC,1
S186,PAY00004,DUPLICATE_PAYMENT,DUPLICATE_PAYMENT_RECORD,RESOLUTION_CANDIDATE,RESOLUTION_CANDIDATE,True,True,True,True,DETERMINISTIC,1
S187,PAY00010,MISSING_LEDGER_ENTRY,LEDGER_RECORD_MISSING,RESOLUTION_CANDIDATE,RESOLUTION_CANDIDATE,True,True,True,True,DETERMINISTIC,1
S188,PAY00010,DUPLICATE_PAYMENT,DUPLICATE_PAYMENT_RECORD,RESOLUTION_CANDIDATE,RESOLUTION_CANDIDATE,True,True,True,True,DETERMINISTIC,1
S189,PAY00013,DUPLICATE_PAYMENT,DUPLICATE_PAYMENT_RECORD,RESOLUTION_CANDIDATE,RESOLUTION_CANDIDATE,True,True,True,True,DETERMINISTIC,1
S190,PAY00010,MISSING_LEDGER_ENTRY,LEDGER_RECORD_MISSING,RESOLUTION_CANDIDATE,RESOLUTION_CANDIDATE,True,True,True,True,DETERMINISTIC,1
S191,PAY00005,FEE_MISMATCH,FEE_AMOUNT_ERROR,RESOLUTION_CANDIDATE,RESOLUTION_CANDIDATE,True,True,True,True,DETERMINISTIC,1
S192,PAY00013,DUPLICATE_PAYMENT,DUPLICATE_PAYMENT_RECORD,RESOLUTION_CANDIDATE,RESOLUTION_CANDIDATE,True,True,True,True,DETERMINISTIC,1
S193,PAY00006,MISSING_LEDGER_ENTRY,LEDGER_RECORD_MISSING,RESOLUTION_CANDIDATE,RESOLUTION_CANDIDATE,True,True,True,True,DETERMINISTIC,1
S194,PAY00013,MISSING_LEDGER_ENTRY,LEDGER_RECORD_MISSING,RESOLUTION_CANDIDATE,RESOLUTION_CANDIDATE,True,True,True,True,DETERMINISTIC,1
S195,PAY00010,FEE_MISMATCH,FEE_AMOUNT_ERROR,RESOLUTION_CANDIDATE,RESOLUTION_CANDIDATE,True,True,True,True,DETERMINISTIC,1
S196,PAY00019,MISSING_LEDGER_ENTRY,LEDGER_RECORD_MISSING,RESOLUTION_CANDIDATE,RESOLUTION_CANDIDATE,True,True,True,True,DETERMINISTIC,1
S197,PAY00011,MISSING_SETTLEMENT,SETTLEMENT_RECORD_MISSING,RESOLUTION_CANDIDATE,RESOLUTION_CANDIDATE,True,True,True,True,DETERMINISTIC,1
S198,PAY00015,MISSING_SETTLEMENT,SETTLEMENT_RECORD_MISSING,RESOLUTION_CANDIDATE,RESOLUTION_CANDIDATE,True,True,True,True,DETERMINISTIC,1
S199,PAY00007,MISSING_LEDGER_ENTRY,LEDGER_RECORD_MISSING,RESOLUTION_CANDIDATE,RESOLUTION_CANDIDATE,True,True,True,True,DETERMINISTIC,1
S200,PAY00016,DUPLICATE_PAYMENT,DUPLICATE_PAYMENT_RECORD,RESOLUTION_CANDIDATE,RESOLUTION_CANDIDATE,True,True,True,True,DETERMINISTIC,1
S201,PAY00006,DUPLICATE_PAYMENT,DUPLICATE_PAYMENT_RECORD,RESOLUTION_CANDIDATE,RESOLUTION_CANDIDATE,True,True,True,True,DETERMINISTIC,1
S202,PAY00017,DUPLICATE_PAYMENT,DUPLICATE_PAYMENT_RECORD,RESOLUTION_CANDIDATE,RESOLUTION_CANDIDATE,True,True,True,True,DETERMINISTIC,1
S203,PAY00020,REFUND_MISMATCH,REFUND_AMOUNT_ERROR,RESOLUTION_CANDIDATE,RESOLUTION_CANDIDATE,True,True,True,True,DETERMINISTIC,1
S204,PAY00008,DUPLICATE_PAYMENT,DUPLICATE_PAYMENT_RECORD,RESOLUTION_CANDIDATE,RESOLUTION_CANDIDATE,True,True,True,True,DETERMINISTIC,1
S205,PAY00010,FEE_MISMATCH,FEE_AMOUNT_ERROR,RESOLUTION_CANDIDATE,RESOLUTION_CANDIDATE,True,True,True,True,DETERMINISTIC,1
S206,PAY00005,SETTLEMENT_AMOUNT_MISMATCH,SETTLEMENT_AMOUNT_ERROR,RESOLUTION_CANDIDATE,RESOLUTION_CANDIDATE,True,True,True,True,DETERMINISTIC,1
S207,PAY00008,MISSING_SETTLEMENT,SETTLEMENT_RECORD_MISSING,RESOLUTION_CANDIDATE,RESOLUTION_CANDIDATE,True,True,True,True,DETERMINISTIC,1
S208,PAY00020,SETTLEMENT_AMOUNT_MISMATCH,SETTLEMENT_AMOUNT_ERROR,RESOLUTION_CANDIDATE,RESOLUTION_CANDIDATE,True,True,True,True,DETERMINISTIC,1
S209,PAY00014,DUPLICATE_PAYMENT,DUPLICATE_PAYMENT_RECORD,RESOLUTION_CANDIDATE,RESOLUTION_CANDIDATE,True,True,True,True,DETERMINISTIC,1
S210,PAY00019,FEE_MISMATCH,FEE_AMOUNT_ERROR,RESOLUTION_CANDIDATE,RESOLUTION_CANDIDATE,True,True,True,True,DETERMINISTIC,1
S211,PAY00016,MISSING_SETTLEMENT,SETTLEMENT_RECORD_MISSING,RESOLUTION_CANDIDATE,RESOLUTION_CANDIDATE,True,True,True,True,DETERMINISTIC,1
S212,PAY00008,FEE_MISMATCH,FEE_AMOUNT_ERROR,RESOLUTION_CANDIDATE,RESOLUTION_CANDIDATE,True,True,True,True,DETERMINISTIC,1
S213,PAY00004,MISSING_SETTLEMENT,SETTLEMENT_RECORD_MISSING,RESOLUTION_CANDIDATE,RESOLUTION_CANDIDATE,True,True,True,True,DETERMINISTIC,1
S214,PAY00008,FEE_MISMATCH,FEE_AMOUNT_ERROR,RESOLUTION_CANDIDATE,RESOLUTION_CANDIDATE,True,True,True,True,DETERMINISTIC,1
S215,PAY00015,SETTLEMENT_AMOUNT_MISMATCH,SETTLEMENT_AMOUNT_ERROR,RESOLUTION_CANDIDATE,RESOLUTION_CANDIDATE,True,True,True,True,DETERMINISTIC,1
S216,PAY00008,SETTLEMENT_AMOUNT_MISMATCH,SETTLEMENT_AMOUNT_ERROR,RESOLUTION_CANDIDATE,RESOLUTION_CANDIDATE,True,True,True,True,DETERMINISTIC,1
S217,PAY00005,MISSING_SETTLEMENT,SETTLEMENT_RECORD_MISSING,RESOLUTION_CANDIDATE,RESOLUTION_CANDIDATE,True,True,True,True,DETERMINISTIC,1
S218,PAY00017,MISSING_LEDGER_ENTRY,LEDGER_RECORD_MISSING,RESOLUTION_CANDIDATE,RESOLUTION_CANDIDATE,True,True,True,True,DETERMINISTIC,1
S219,PAY00020,REFUND_MISMATCH,REFUND_AMOUNT_ERROR,RESOLUTION_CANDIDATE,RESOLUTION_CANDIDATE,True,True,True,True,DETERMINISTIC,1
S220,PAY00020,DUPLICATE_PAYMENT,DUPLICATE_PAYMENT_RECORD,RESOLUTION_CANDIDATE,RESOLUTION_CANDIDATE,True,True,True,True,DETERMINISTIC,1
S221,PAY00017,MISSING_SETTLEMENT,SETTLEMENT_RECORD_MISSING,RESOLUTION_CANDIDATE,RESOLUTION_CANDIDATE,True,True,True,True,DETERMINISTIC,1
S222,PAY00018,MISSING_SETTLEMENT,SETTLEMENT_RECORD_MISSING,RESOLUTION_CANDIDATE,RESOLUTION_CANDIDATE,True,True,True,True,DETERMINISTIC,1
S223,PAY00006,DUPLICATE_PAYMENT,DUPLICATE_PAYMENT_RECORD,RESOLUTION_CANDIDATE,RESOLUTION_CANDIDATE,True,True,True,True,DETERMINISTIC,1
S224,PAY00016,MISSING_SETTLEMENT,SETTLEMENT_RECORD_MISSING,RESOLUTION_CANDIDATE,RESOLUTION_CANDIDATE,True,True,True,True,DETERMINISTIC,1
S225,PAY00009,FEE_MISMATCH,FEE_AMOUNT_ERROR,RESOLUTION_CANDIDATE,HUMAN_REVIEW,False,False,False,False,AI_FALLBACK_DETERMINISTIC,2
S226,PAY00017,MISSING_SETTLEMENT,SETTLEMENT_RECORD_MISSING,RESOLUTION_CANDIDATE,RESOLUTION_CANDIDATE,True,True,True,True,DETERMINISTIC,1
S227,PAY00015,SETTLEMENT_AMOUNT_MISMATCH,SETTLEMENT_AMOUNT_ERROR,RESOLUTION_CANDIDATE,RESOLUTION_CANDIDATE,True,True,True,True,DETERMINISTIC,1
S228,PAY00010,FEE_MISMATCH,FEE_AMOUNT_ERROR,RESOLUTION_CANDIDATE,RESOLUTION_CANDIDATE,True,True,True,True,DETERMINISTIC,1
S229,PAY00018,SETTLEMENT_AMOUNT_MISMATCH,SETTLEMENT_AMOUNT_ERROR,RESOLUTION_CANDIDATE,RESOLUTION_CANDIDATE,True,True,True,True,DETERMINISTIC,1
S230,PAY00005,FEE_MISMATCH,FEE_AMOUNT_ERROR,RESOLUTION_CANDIDATE,RESOLUTION_CANDIDATE,True,True,True,True,DETERMINISTIC,1
S231,PAY00005,DUPLICATE_PAYMENT,DUPLICATE_PAYMENT_RECORD,RESOLUTION_CANDIDATE,RESOLUTION_CANDIDATE,True,True,True,True,DETERMINISTIC,1
S232,PAY00007,SETTLEMENT_AMOUNT_MISMATCH,SETTLEMENT_AMOUNT_ERROR,RESOLUTION_CANDIDATE,RESOLUTION_CANDIDATE,True,True,True,True,DETERMINISTIC,1
S233,PAY00018,MISSING_SETTLEMENT,SETTLEMENT_RECORD_MISSING,RESOLUTION_CANDIDATE,RESOLUTION_CANDIDATE,True,True,True,True,DETERMINISTIC,1
S234,PAY00014,SETTLEMENT_AMOUNT_MISMATCH,SETTLEMENT_AMOUNT_ERROR,RESOLUTION_CANDIDATE,RESOLUTION_CANDIDATE,True,True,True,True,DETERMINISTIC,1
S235,PAY00014,MISSING_SETTLEMENT,SETTLEMENT_RECORD_MISSING,RESOLUTION_CANDIDATE,RESOLUTION_CANDIDATE,True,True,True,True,DETERMINISTIC,1
S236,PAY00019,DUPLICATE_PAYMENT,DUPLICATE_PAYMENT_RECORD,RESOLUTION_CANDIDATE,RESOLUTION_CANDIDATE,True,True,True,True,DETERMINISTIC,1
S237,PAY00001,MISSING_LEDGER_ENTRY,LEDGER_RECORD_MISSING,RESOLUTION_CANDIDATE,RESOLUTION_CANDIDATE,True,True,True,True,DETERMINISTIC,1
S238,PAY00013,MISSING_SETTLEMENT,SETTLEMENT_RECORD_MISSING,RESOLUTION_CANDIDATE,RESOLUTION_CANDIDATE,True,True,True,True,DETERMINISTIC,1
S239,PAY00010,MISSING_SETTLEMENT,SETTLEMENT_RECORD_MISSING,RESOLUTION_CANDIDATE,RESOLUTION_CANDIDATE,True,True,True,True,DETERMINISTIC,1
S240,PAY00014,MISSING_LEDGER_ENTRY,LEDGER_RECORD_MISSING,RESOLUTION_CANDIDATE,RESOLUTION_CANDIDATE,True,True,True,True,DETERMINISTIC,1
S241,PAY00018,MISSING_LEDGER_ENTRY,LEDGER_RECORD_MISSING,RESOLUTION_CANDIDATE,RESOLUTION_CANDIDATE,True,True,True,True,DETERMINISTIC,1
S242,PAY00008,MISSING_SETTLEMENT,SETTLEMENT_RECORD_MISSING,RESOLUTION_CANDIDATE,RESOLUTION_CANDIDATE,True,True,True,True,DETERMINISTIC,1
S243,PAY00014,MISSING_SETTLEMENT,SETTLEMENT_RECORD_MISSING,RESOLUTION_CANDIDATE,RESOLUTION_CANDIDATE,True,True,True,True,DETERMINISTIC,1
S244,PAY00001,MISSING_SETTLEMENT,SETTLEMENT_RECORD_MISSING,RESOLUTION_CANDIDATE,RESOLUTION_CANDIDATE,True,True,True,True,DETERMINISTIC,1
S245,PAY00011,DUPLICATE_PAYMENT,DUPLICATE_PAYMENT_RECORD,RESOLUTION_CANDIDATE,RESOLUTION_CANDIDATE,True,True,True,True,DETERMINISTIC,1
S246,PAY00013,DUPLICATE_PAYMENT,DUPLICATE_PAYMENT_RECORD,RESOLUTION_CANDIDATE,RESOLUTION_CANDIDATE,True,True,True,True,DETERMINISTIC,1
S247,PAY00006,MISSING_SETTLEMENT,SETTLEMENT_RECORD_MISSING,RESOLUTION_CANDIDATE,RESOLUTION_CANDIDATE,True,True,True,True,DETERMINISTIC,1
S248,PAY00005,MISSING_LEDGER_ENTRY,LEDGER_RECORD_MISSING,RESOLUTION_CANDIDATE,RESOLUTION_CANDIDATE,True,True,True,True,DETERMINISTIC,1
S249,PAY00018,SETTLEMENT_AMOUNT_MISMATCH,SETTLEMENT_AMOUNT_ERROR,RESOLUTION_CANDIDATE,RESOLUTION_CANDIDATE,True,True,True,True,DETERMINISTIC,1
S250,PAY00019,MISSING_LEDGER_ENTRY,LEDGER_RECORD_MISSING,RESOLUTION_CANDIDATE,RESOLUTION_CANDIDATE,True,True,True,True,DETERMINISTIC,1
S251,PAY00001,SETTLEMENT_AMOUNT_MISMATCH,SETTLEMENT_AMOUNT_ERROR,RESOLUTION_CANDIDATE,RESOLUTION_CANDIDATE,True,True,True,True,DETERMINISTIC,1
S252,PAY00014,FEE_MISMATCH,FEE_AMOUNT_ERROR,RESOLUTION_CANDIDATE,RESOLUTION_CANDIDATE,True,True,True,True,DETERMINISTIC,1
S253,PAY00006,SETTLEMENT_AMOUNT_MISMATCH,SETTLEMENT_AMOUNT_ERROR,RESOLUTION_CANDIDATE,RESOLUTION_CANDIDATE,True,True,True,True,DETERMINISTIC,1
S254,PAY00007,MISSING_SETTLEMENT,SETTLEMENT_RECORD_MISSING,RESOLUTION_CANDIDATE,RESOLUTION_CANDIDATE,True,True,True,True,DETERMINISTIC,1
S255,PAY00003,MISSING_SETTLEMENT,SETTLEMENT_RECORD_MISSING,RESOLUTION_CANDIDATE,RESOLUTION_CANDIDATE,True,True,True,True,DETERMINISTIC,1
S256,PAY00001,DUPLICATE_PAYMENT,DUPLICATE_PAYMENT_RECORD,RESOLUTION_CANDIDATE,RESOLUTION_CANDIDATE,True,True,True,True,DETERMINISTIC,1
S257,PAY00018,SETTLEMENT_AMOUNT_MISMATCH,SETTLEMENT_AMOUNT_ERROR,RESOLUTION_CANDIDATE,RESOLUTION_CANDIDATE,True,True,True,True,DETERMINISTIC,1
S258,PAY00008,DUPLICATE_PAYMENT,DUPLICATE_PAYMENT_RECORD,RESOLUTION_CANDIDATE,RESOLUTION_CANDIDATE,True,True,True,True,DETERMINISTIC,1
S259,PAY00003,DUPLICATE_PAYMENT,DUPLICATE_PAYMENT_RECORD,RESOLUTION_CANDIDATE,RESOLUTION_CANDIDATE,True,True,True,True,DETERMINISTIC,1
S260,PAY00002,SETTLEMENT_AMOUNT_MISMATCH,SETTLEMENT_AMOUNT_ERROR,RESOLUTION_CANDIDATE,RESOLUTION_CANDIDATE,True,True,True,True,DETERMINISTIC,1
S261,PAY00007,SETTLEMENT_AMOUNT_MISMATCH,SETTLEMENT_AMOUNT_ERROR,RESOLUTION_CANDIDATE,RESOLUTION_CANDIDATE,True,True,True,True,DETERMINISTIC,1
S262,PAY00005,FEE_MISMATCH,FEE_AMOUNT_ERROR,RESOLUTION_CANDIDATE,RESOLUTION_CANDIDATE,True,True,True,True,DETERMINISTIC,1
S263,PAY00016,DUPLICATE_PAYMENT,DUPLICATE_PAYMENT_RECORD,RESOLUTION_CANDIDATE,RESOLUTION_CANDIDATE,True,True,True,True,DETERMINISTIC,1
S264,PAY00004,MISSING_LEDGER_ENTRY,LEDGER_RECORD_MISSING,RESOLUTION_CANDIDATE,RESOLUTION_CANDIDATE,True,True,True,True,DETERMINISTIC,1
S265,PAY00007,MISSING_SETTLEMENT,SETTLEMENT_RECORD_MISSING,RESOLUTION_CANDIDATE,RESOLUTION_CANDIDATE,True,True,True,True,DETERMINISTIC,1
S266,PAY00009,REFUND_MISMATCH,REFUND_AMOUNT_ERROR,RESOLUTION_CANDIDATE,RESOLUTION_CANDIDATE,True,True,True,True,DETERMINISTIC,1
S267,PAY00020,MISSING_LEDGER_ENTRY,LEDGER_RECORD_MISSING,RESOLUTION_CANDIDATE,RESOLUTION_CANDIDATE,True,True,True,True,DETERMINISTIC,1
S268,PAY00004,FEE_MISMATCH,FEE_AMOUNT_ERROR,RESOLUTION_CANDIDATE,HUMAN_REVIEW,False,False,False,False,AI_FALLBACK_DETERMINISTIC,2
S269,PAY00004,MISSING_LEDGER_ENTRY,LEDGER_RECORD_MISSING,RESOLUTION_CANDIDATE,RESOLUTION_CANDIDATE,True,True,True,True,DETERMINISTIC,1
S270,PAY00019,DUPLICATE_PAYMENT,DUPLICATE_PAYMENT_RECORD,RESOLUTION_CANDIDATE,RESOLUTION_CANDIDATE,True,True,True,True,DETERMINISTIC,1
S271,PAY00013,MISSING_SETTLEMENT,SETTLEMENT_RECORD_MISSING,RESOLUTION_CANDIDATE,RESOLUTION_CANDIDATE,True,True,True,True,DETERMINISTIC,1
S272,PAY00007,SETTLEMENT_AMOUNT_MISMATCH,SETTLEMENT_AMOUNT_ERROR,RESOLUTION_CANDIDATE,RESOLUTION_CANDIDATE,True,True,True,True,DETERMINISTIC,1
S273,PAY00008,SETTLEMENT_AMOUNT_MISMATCH,SETTLEMENT_AMOUNT_ERROR,RESOLUTION_CANDIDATE,RESOLUTION_CANDIDATE,True,True,True,True,DETERMINISTIC,1
S274,PAY00010,DUPLICATE_PAYMENT,DUPLICATE_PAYMENT_RECORD,RESOLUTION_CANDIDATE,RESOLUTION_CANDIDATE,True,True,True,True,DETERMINISTIC,1
S275,PAY00020,SETTLEMENT_AMOUNT_MISMATCH,SETTLEMENT_AMOUNT_ERROR,RESOLUTION_CANDIDATE,RESOLUTION_CANDIDATE,True,True,True,True,DETERMINISTIC,1
S276,PAY00018,MISSING_SETTLEMENT,SETTLEMENT_RECORD_MISSING,RESOLUTION_CANDIDATE,RESOLUTION_CANDIDATE,True,True,True,True,DETERMINISTIC,1
S277,PAY00012,SETTLEMENT_AMOUNT_MISMATCH,SETTLEMENT_AMOUNT_ERROR,RESOLUTION_CANDIDATE,RESOLUTION_CANDIDATE,True,True,True,True,DETERMINISTIC,1
S278,PAY00011,SETTLEMENT_AMOUNT_MISMATCH,SETTLEMENT_AMOUNT_ERROR,RESOLUTION_CANDIDATE,RESOLUTION_CANDIDATE,True,True,True,True,DETERMINISTIC,1
S279,PAY00016,SETTLEMENT_AMOUNT_MISMATCH,SETTLEMENT_AMOUNT_ERROR,RESOLUTION_CANDIDATE,RESOLUTION_CANDIDATE,True,True,True,True,DETERMINISTIC,1
S280,PAY00012,DUPLICATE_PAYMENT,DUPLICATE_PAYMENT_RECORD,RESOLUTION_CANDIDATE,RESOLUTION_CANDIDATE,True,True,True,True,DETERMINISTIC,1
S281,PAY00015,DUPLICATE_PAYMENT,DUPLICATE_PAYMENT_RECORD,RESOLUTION_CANDIDATE,RESOLUTION_CANDIDATE,True,True,True,True,DETERMINISTIC,1
S282,PAY00005,MISSING_SETTLEMENT,SETTLEMENT_RECORD_MISSING,RESOLUTION_CANDIDATE,RESOLUTION_CANDIDATE,True,True,True,True,DETERMINISTIC,1
S283,PAY00006,DUPLICATE_PAYMENT,DUPLICATE_PAYMENT_RECORD,RESOLUTION_CANDIDATE,RESOLUTION_CANDIDATE,True,True,True,True,DETERMINISTIC,1
S284,PAY00017,DUPLICATE_PAYMENT,DUPLICATE_PAYMENT_RECORD,RESOLUTION_CANDIDATE,RESOLUTION_CANDIDATE,True,True,True,True,DETERMINISTIC,1
S285,PAY00009,MISSING_LEDGER_ENTRY,LEDGER_RECORD_MISSING,RESOLUTION_CANDIDATE,RESOLUTION_CANDIDATE,True,True,True,True,DETERMINISTIC,1
S286,PAY00018,MISSING_SETTLEMENT,SETTLEMENT_RECORD_MISSING,RESOLUTION_CANDIDATE,RESOLUTION_CANDIDATE,True,True,True,True,DETERMINISTIC,1
S287,PAY00015,MISSING_SETTLEMENT,SETTLEMENT_RECORD_MISSING,RESOLUTION_CANDIDATE,RESOLUTION_CANDIDATE,True,True,True,True,DETERMINISTIC,1
S288,PAY00011,FEE_MISMATCH,FEE_AMOUNT_ERROR,RESOLUTION_CANDIDATE,RESOLUTION_CANDIDATE,True,True,True,True,DETERMINISTIC,1
S289,PAY00009,MISSING_SETTLEMENT,SETTLEMENT_RECORD_MISSING,RESOLUTION_CANDIDATE,RESOLUTION_CANDIDATE,True,True,True,True,DETERMINISTIC,1
S290,PAY00008,MISSING_SETTLEMENT,SETTLEMENT_RECORD_MISSING,RESOLUTION_CANDIDATE,RESOLUTION_CANDIDATE,True,True,True,True,DETERMINISTIC,1
S291,PAY00019,MISSING_LEDGER_ENTRY,LEDGER_RECORD_MISSING,RESOLUTION_CANDIDATE,RESOLUTION_CANDIDATE,True,True,True,True,DETERMINISTIC,1
S292,PAY00001,MISSING_SETTLEMENT,SETTLEMENT_RECORD_MISSING,RESOLUTION_CANDIDATE,RESOLUTION_CANDIDATE,True,True,True,True,DETERMINISTIC,1
S293,PAY00011,FEE_MISMATCH,FEE_AMOUNT_ERROR,RESOLUTION_CANDIDATE,RESOLUTION_CANDIDATE,True,True,True,True,DETERMINISTIC,1
S294,PAY00009,REFUND_MISMATCH,REFUND_AMOUNT_ERROR,RESOLUTION_CANDIDATE,RESOLUTION_CANDIDATE,True,True,True,True,DETERMINISTIC,1
S295,PAY00020,DUPLICATE_PAYMENT,DUPLICATE_PAYMENT_RECORD,RESOLUTION_CANDIDATE,RESOLUTION_CANDIDATE,True,True,True,True,DETERMINISTIC,1
S296,PAY00009,MISSING_LEDGER_ENTRY,LEDGER_RECORD_MISSING,RESOLUTION_CANDIDATE,RESOLUTION_CANDIDATE,True,True,True,True,DETERMINISTIC,1
S297,PAY00001,MISSING_LEDGER_ENTRY,LEDGER_RECORD_MISSING,RESOLUTION_CANDIDATE,RESOLUTION_CANDIDATE,True,True,True,True,DETERMINISTIC,1
S298,PAY00007,SETTLEMENT_AMOUNT_MISMATCH,SETTLEMENT_AMOUNT_ERROR,RESOLUTION_CANDIDATE,RESOLUTION_CANDIDATE,True,True,True,True,DETERMINISTIC,1
S299,PAY00014,MISSING_SETTLEMENT,SETTLEMENT_RECORD_MISSING,RESOLUTION_CANDIDATE,RESOLUTION_CANDIDATE,True,True,True,True,DETERMINISTIC,1
S300,PAY00018,FEE_MISMATCH,FEE_AMOUNT_ERROR,RESOLUTION_CANDIDATE,RESOLUTION_CANDIDATE,True,True,True,True,DETERMINISTIC,1
S301,PAY00016,MISSING_SETTLEMENT,SETTLEMENT_RECORD_MISSING,RESOLUTION_CANDIDATE,RESOLUTION_CANDIDATE,True,True,True,True,DETERMINISTIC,1
S302,PAY00001,SETTLEMENT_AMOUNT_MISMATCH,SETTLEMENT_AMOUNT_ERROR,RESOLUTION_CANDIDATE,RESOLUTION_CANDIDATE,True,True,True,True,DETERMINISTIC,1
S303,PAY00008,MISSING_SETTLEMENT,SETTLEMENT_RECORD_MISSING,RESOLUTION_CANDIDATE,RESOLUTION_CANDIDATE,True,True,True,True,DETERMINISTIC,1
S304,PAY00016,MISSING_LEDGER_ENTRY,LEDGER_RECORD_MISSING,RESOLUTION_CANDIDATE,RESOLUTION_CANDIDATE,True,True,True,True,DETERMINISTIC,1
S305,PAY00017,REFUND_MISMATCH,REFUND_AMOUNT_ERROR,RESOLUTION_CANDIDATE,RESOLUTION_CANDIDATE,True,True,True,True,DETERMINISTIC,1
S306,PAY00012,DUPLICATE_PAYMENT,DUPLICATE_PAYMENT_RECORD,RESOLUTION_CANDIDATE,RESOLUTION_CANDIDATE,True,True,True,True,DETERMINISTIC,1
S307,PAY00008,SETTLEMENT_AMOUNT_MISMATCH,SETTLEMENT_AMOUNT_ERROR,RESOLUTION_CANDIDATE,RESOLUTION_CANDIDATE,True,True,True,True,DETERMINISTIC,1
S308,PAY00004,DUPLICATE_PAYMENT,DUPLICATE_PAYMENT_RECORD,RESOLUTION_CANDIDATE,RESOLUTION_CANDIDATE,True,True,True,True,DETERMINISTIC,1
S309,PAY00018,DUPLICATE_PAYMENT,DUPLICATE_PAYMENT_RECORD,RESOLUTION_CANDIDATE,RESOLUTION_CANDIDATE,True,True,True,True,DETERMINISTIC,1
S310,PAY00006,FEE_MISMATCH,FEE_AMOUNT_ERROR,RESOLUTION_CANDIDATE,RESOLUTION_CANDIDATE,True,True,True,True,DETERMINISTIC,1
S311,PAY00019,MISSING_LEDGER_ENTRY,LEDGER_RECORD_MISSING,RESOLUTION_CANDIDATE,RESOLUTION_CANDIDATE,True,True,True,True,DETERMINISTIC,1
S312,PAY00020,REFUND_MISMATCH,REFUND_AMOUNT_ERROR,RESOLUTION_CANDIDATE,RESOLUTION_CANDIDATE,True,True,True,True,DETERMINISTIC,1
S313,PAY00001,DUPLICATE_PAYMENT,DUPLICATE_PAYMENT_RECORD,RESOLUTION_CANDIDATE,RESOLUTION_CANDIDATE,True,True,True,True,DETERMINISTIC,1
S314,PAY00018,FEE_MISMATCH,FEE_AMOUNT_ERROR,RESOLUTION_CANDIDATE,RESOLUTION_CANDIDATE,True,True,True,True,DETERMINISTIC,1
S315,PAY00002,SETTLEMENT_AMOUNT_MISMATCH,SETTLEMENT_AMOUNT_ERROR,RESOLUTION_CANDIDATE,RESOLUTION_CANDIDATE,True,True,True,True,DETERMINISTIC,1
S316,PAY00010,DUPLICATE_PAYMENT,DUPLICATE_PAYMENT_RECORD,RESOLUTION_CANDIDATE,RESOLUTION_CANDIDATE,True,True,True,True,DETERMINISTIC,1
S317,PAY00005,DUPLICATE_PAYMENT,DUPLICATE_PAYMENT_RECORD,RESOLUTION_CANDIDATE,RESOLUTION_CANDIDATE,True,True,True,True,DETERMINISTIC,1
S318,PAY00016,SETTLEMENT_AMOUNT_MISMATCH,SETTLEMENT_AMOUNT_ERROR,RESOLUTION_CANDIDATE,RESOLUTION_CANDIDATE,True,True,True,True,DETERMINISTIC,1
S319,PAY00016,MISSING_SETTLEMENT,SETTLEMENT_RECORD_MISSING,RESOLUTION_CANDIDATE,RESOLUTION_CANDIDATE,True,True,True,True,DETERMINISTIC,1
S320,PAY00006,SETTLEMENT_AMOUNT_MISMATCH,SETTLEMENT_AMOUNT_ERROR,RESOLUTION_CANDIDATE,RESOLUTION_CANDIDATE,True,True,True,True,DETERMINISTIC,1
S321,PAY00016,SETTLEMENT_AMOUNT_MISMATCH,SETTLEMENT_AMOUNT_ERROR,RESOLUTION_CANDIDATE,RESOLUTION_CANDIDATE,True,True,True,True,DETERMINISTIC,1
S322,PAY00013,MISSING_SETTLEMENT,SETTLEMENT_RECORD_MISSING,RESOLUTION_CANDIDATE,RESOLUTION_CANDIDATE,True,True,True,True,DETERMINISTIC,1
S323,PAY00003,MISSING_LEDGER_ENTRY,LEDGER_RECORD_MISSING,RESOLUTION_CANDIDATE,RESOLUTION_CANDIDATE,True,True,True,True,DETERMINISTIC,1
S324,PAY00003,FEE_MISMATCH,FEE_AMOUNT_ERROR,RESOLUTION_CANDIDATE,RESOLUTION_CANDIDATE,True,True,True,True,DETERMINISTIC,1
S325,PAY00018,MISSING_SETTLEMENT,SETTLEMENT_RECORD_MISSING,RESOLUTION_CANDIDATE,RESOLUTION_CANDIDATE,True,True,True,True,DETERMINISTIC,1
S326,PAY00020,MISSING_LEDGER_ENTRY,LEDGER_RECORD_MISSING,RESOLUTION_CANDIDATE,RESOLUTION_CANDIDATE,True,True,True,True,DETERMINISTIC,1
S327,PAY00020,FEE_MISMATCH,FEE_AMOUNT_ERROR,RESOLUTION_CANDIDATE,HUMAN_REVIEW,False,False,False,False,AI_FALLBACK_DETERMINISTIC,2
S328,PAY00013,MISSING_SETTLEMENT,SETTLEMENT_RECORD_MISSING,RESOLUTION_CANDIDATE,RESOLUTION_CANDIDATE,True,True,True,True,DETERMINISTIC,1
S329,PAY00019,MISSING_SETTLEMENT,SETTLEMENT_RECORD_MISSING,RESOLUTION_CANDIDATE,RESOLUTION_CANDIDATE,True,True,True,True,DETERMINISTIC,1
S330,PAY00010,MISSING_LEDGER_ENTRY,LEDGER_RECORD_MISSING,RESOLUTION_CANDIDATE,RESOLUTION_CANDIDATE,True,True,True,True,DETERMINISTIC,1
S331,PAY00020,SETTLEMENT_AMOUNT_MISMATCH,SETTLEMENT_AMOUNT_ERROR,RESOLUTION_CANDIDATE,RESOLUTION_CANDIDATE,True,True,True,True,DETERMINISTIC,1
S332,PAY00004,FEE_MISMATCH,FEE_AMOUNT_ERROR,RESOLUTION_CANDIDATE,HUMAN_REVIEW,False,False,False,False,AI_FALLBACK_DETERMINISTIC,2
S333,PAY00009,DUPLICATE_PAYMENT,DUPLICATE_PAYMENT_RECORD,RESOLUTION_CANDIDATE,RESOLUTION_CANDIDATE,True,True,True,True,DETERMINISTIC,1
S334,PAY00003,FEE_MISMATCH,FEE_AMOUNT_ERROR,RESOLUTION_CANDIDATE,RESOLUTION_CANDIDATE,True,True,True,True,DETERMINISTIC,1
S335,PAY00006,MISSING_LEDGER_ENTRY,LEDGER_RECORD_MISSING,RESOLUTION_CANDIDATE,RESOLUTION_CANDIDATE,True,True,True,True,DETERMINISTIC,1
S336,PAY00003,FEE_MISMATCH,FEE_AMOUNT_ERROR,RESOLUTION_CANDIDATE,RESOLUTION_CANDIDATE,True,True,True,True,DETERMINISTIC,1
S337,PAY00014,MISSING_SETTLEMENT,SETTLEMENT_RECORD_MISSING,RESOLUTION_CANDIDATE,RESOLUTION_CANDIDATE,True,True,True,True,DETERMINISTIC,1
S338,PAY00020,MISSING_SETTLEMENT,SETTLEMENT_RECORD_MISSING,RESOLUTION_CANDIDATE,RESOLUTION_CANDIDATE,True,True,True,True,DETERMINISTIC,1
S339,PAY00010,SETTLEMENT_AMOUNT_MISMATCH,SETTLEMENT_AMOUNT_ERROR,RESOLUTION_CANDIDATE,RESOLUTION_CANDIDATE,True,True,True,True,DETERMINISTIC,1
S340,PAY00010,DUPLICATE_PAYMENT,DUPLICATE_PAYMENT_RECORD,RESOLUTION_CANDIDATE,RESOLUTION_CANDIDATE,True,True,True,True,DETERMINISTIC,1
S341,PAY00010,DUPLICATE_PAYMENT,DUPLICATE_PAYMENT_RECORD,RESOLUTION_CANDIDATE,RESOLUTION_CANDIDATE,True,True,True,True,DETERMINISTIC,1
S342,PAY00015,SETTLEMENT_AMOUNT_MISMATCH,SETTLEMENT_AMOUNT_ERROR,RESOLUTION_CANDIDATE,RESOLUTION_CANDIDATE,True,True,True,True,DETERMINISTIC,1
S343,PAY00019,DUPLICATE_PAYMENT,DUPLICATE_PAYMENT_RECORD,RESOLUTION_CANDIDATE,RESOLUTION_CANDIDATE,True,True,True,True,DETERMINISTIC,1
S344,PAY00007,MISSING_SETTLEMENT,SETTLEMENT_RECORD_MISSING,RESOLUTION_CANDIDATE,RESOLUTION_CANDIDATE,True,True,True,True,DETERMINISTIC,1
S345,PAY00004,MISSING_LEDGER_ENTRY,LEDGER_RECORD_MISSING,RESOLUTION_CANDIDATE,RESOLUTION_CANDIDATE,True,True,True,True,DETERMINISTIC,1
S346,PAY00008,DUPLICATE_PAYMENT,DUPLICATE_PAYMENT_RECORD,RESOLUTION_CANDIDATE,RESOLUTION_CANDIDATE,True,True,True,True,DETERMINISTIC,1
S347,PAY00005,SETTLEMENT_AMOUNT_MISMATCH,SETTLEMENT_AMOUNT_ERROR,RESOLUTION_CANDIDATE,RESOLUTION_CANDIDATE,True,True,True,True,DETERMINISTIC,1
S348,PAY00020,DUPLICATE_PAYMENT,DUPLICATE_PAYMENT_RECORD,RESOLUTION_CANDIDATE,RESOLUTION_CANDIDATE,True,True,True,True,DETERMINISTIC,1
S349,PAY00015,SETTLEMENT_AMOUNT_MISMATCH,SETTLEMENT_AMOUNT_ERROR,RESOLUTION_CANDIDATE,RESOLUTION_CANDIDATE,True,True,True,True,DETERMINISTIC,1
S350,PAY00010,DUPLICATE_PAYMENT,DUPLICATE_PAYMENT_RECORD,RESOLUTION_CANDIDATE,RESOLUTION_CANDIDATE,True,True,True,True,DETERMINISTIC,1
S351,PAY00017,MISSING_LEDGER_ENTRY,LEDGER_RECORD_MISSING,RESOLUTION_CANDIDATE,RESOLUTION_CANDIDATE,True,True,True,True,DETERMINISTIC,1
S352,PAY00016,MISSING_SETTLEMENT,SETTLEMENT_RECORD_MISSING,RESOLUTION_CANDIDATE,RESOLUTION_CANDIDATE,True,True,True,True,DETERMINISTIC,1
S353,PAY00003,MISSING_LEDGER_ENTRY,LEDGER_RECORD_MISSING,RESOLUTION_CANDIDATE,RESOLUTION_CANDIDATE,True,True,True,True,DETERMINISTIC,1
S354,PAY00002,MISSING_SETTLEMENT,SETTLEMENT_RECORD_MISSING,RESOLUTION_CANDIDATE,RESOLUTION_CANDIDATE,True,True,True,True,DETERMINISTIC,1
S355,PAY00011,MISSING_LEDGER_ENTRY,LEDGER_RECORD_MISSING,RESOLUTION_CANDIDATE,RESOLUTION_CANDIDATE,True,True,True,True,DETERMINISTIC,1
S356,PAY00009,SETTLEMENT_AMOUNT_MISMATCH,SETTLEMENT_AMOUNT_ERROR,RESOLUTION_CANDIDATE,RESOLUTION_CANDIDATE,True,True,True,True,DETERMINISTIC,1
S357,PAY00008,DUPLICATE_PAYMENT,DUPLICATE_PAYMENT_RECORD,RESOLUTION_CANDIDATE,RESOLUTION_CANDIDATE,True,True,True,True,DETERMINISTIC,1
S358,PAY00019,MISSING_LEDGER_ENTRY,LEDGER_RECORD_MISSING,RESOLUTION_CANDIDATE,RESOLUTION_CANDIDATE,True,True,True,True,DETERMINISTIC,1
S359,PAY00001,DUPLICATE_PAYMENT,DUPLICATE_PAYMENT_RECORD,RESOLUTION_CANDIDATE,RESOLUTION_CANDIDATE,True,True,True,True,DETERMINISTIC,1
S360,PAY00009,MISSING_LEDGER_ENTRY,LEDGER_RECORD_MISSING,RESOLUTION_CANDIDATE,RESOLUTION_CANDIDATE,True,True,True,True,DETERMINISTIC,1
S361,PAY00002,FEE_MISMATCH,FEE_AMOUNT_ERROR,RESOLUTION_CANDIDATE,RESOLUTION_CANDIDATE,True,True,True,True,DETERMINISTIC,1
S362,PAY00017,DUPLICATE_PAYMENT,DUPLICATE_PAYMENT_RECORD,RESOLUTION_CANDIDATE,RESOLUTION_CANDIDATE,True,True,True,True,DETERMINISTIC,1
S363,PAY00006,MISSING_LEDGER_ENTRY,LEDGER_RECORD_MISSING,RESOLUTION_CANDIDATE,RESOLUTION_CANDIDATE,True,True,True,True,DETERMINISTIC,1
S364,PAY00014,DUPLICATE_PAYMENT,DUPLICATE_PAYMENT_RECORD,RESOLUTION_CANDIDATE,RESOLUTION_CANDIDATE,True,True,True,True,DETERMINISTIC,1
S365,PAY00016,SETTLEMENT_AMOUNT_MISMATCH,SETTLEMENT_AMOUNT_ERROR,RESOLUTION_CANDIDATE,RESOLUTION_CANDIDATE,True,True,True,True,DETERMINISTIC,1
S366,PAY00012,MISSING_SETTLEMENT,SETTLEMENT_RECORD_MISSING,RESOLUTION_CANDIDATE,RESOLUTION_CANDIDATE,True,True,True,True,DETERMINISTIC,1
S367,PAY00004,FEE_MISMATCH,FEE_AMOUNT_ERROR,RESOLUTION_CANDIDATE,HUMAN_REVIEW,False,False,False,False,AI_FALLBACK_DETERMINISTIC,2
S368,PAY00014,DUPLICATE_PAYMENT,DUPLICATE_PAYMENT_RECORD,RESOLUTION_CANDIDATE,RESOLUTION_CANDIDATE,True,True,True,True,DETERMINISTIC,1
S369,PAY00013,MISSING_LEDGER_ENTRY,LEDGER_RECORD_MISSING,RESOLUTION_CANDIDATE,RESOLUTION_CANDIDATE,True,True,True,True,DETERMINISTIC,1
S370,PAY00002,MISSING_SETTLEMENT,SETTLEMENT_RECORD_MISSING,RESOLUTION_CANDIDATE,RESOLUTION_CANDIDATE,True,True,True,True,DETERMINISTIC,1
S371,PAY00009,REFUND_MISMATCH,REFUND_AMOUNT_ERROR,RESOLUTION_CANDIDATE,RESOLUTION_CANDIDATE,True,True,True,True,DETERMINISTIC,1
S372,PAY00013,MISSING_LEDGER_ENTRY,LEDGER_RECORD_MISSING,RESOLUTION_CANDIDATE,RESOLUTION_CANDIDATE,True,True,True,True,DETERMINISTIC,1
S373,PAY00001,DUPLICATE_PAYMENT,DUPLICATE_PAYMENT_RECORD,RESOLUTION_CANDIDATE,RESOLUTION_CANDIDATE,True,True,True,True,DETERMINISTIC,1
S374,PAY00018,MISSING_SETTLEMENT,SETTLEMENT_RECORD_MISSING,RESOLUTION_CANDIDATE,RESOLUTION_CANDIDATE,True,True,True,True,DETERMINISTIC,1
S375,PAY00014,SETTLEMENT_AMOUNT_MISMATCH,SETTLEMENT_AMOUNT_ERROR,RESOLUTION_CANDIDATE,RESOLUTION_CANDIDATE,True,True,True,True,DETERMINISTIC,1
S376,PAY00017,REFUND_MISMATCH,REFUND_AMOUNT_ERROR,RESOLUTION_CANDIDATE,RESOLUTION_CANDIDATE,True,True,True,True,DETERMINISTIC,1
S377,PAY00015,SETTLEMENT_AMOUNT_MISMATCH,SETTLEMENT_AMOUNT_ERROR,RESOLUTION_CANDIDATE,RESOLUTION_CANDIDATE,True,True,True,True,DETERMINISTIC,1
S378,PAY00009,MISSING_LEDGER_ENTRY,LEDGER_RECORD_MISSING,RESOLUTION_CANDIDATE,RESOLUTION_CANDIDATE,True,True,True,True,DETERMINISTIC,1
S379,PAY00015,DUPLICATE_PAYMENT,DUPLICATE_PAYMENT_RECORD,RESOLUTION_CANDIDATE,RESOLUTION_CANDIDATE,True,True,True,True,DETERMINISTIC,1
S380,PAY00016,SETTLEMENT_AMOUNT_MISMATCH,SETTLEMENT_AMOUNT_ERROR,RESOLUTION_CANDIDATE,RESOLUTION_CANDIDATE,True,True,True,True,DETERMINISTIC,1
S381,PAY00020,FEE_MISMATCH,FEE_AMOUNT_ERROR,RESOLUTION_CANDIDATE,HUMAN_REVIEW,False,False,False,False,AI_FALLBACK_DETERMINISTIC,2
S382,PAY00010,MISSING_LEDGER_ENTRY,LEDGER_RECORD_MISSING,RESOLUTION_CANDIDATE,RESOLUTION_CANDIDATE,True,True,True,True,DETERMINISTIC,1
S383,PAY00001,MISSING_LEDGER_ENTRY,LEDGER_RECORD_MISSING,RESOLUTION_CANDIDATE,RESOLUTION_CANDIDATE,True,True,True,True,DETERMINISTIC,1
S384,PAY00014,SETTLEMENT_AMOUNT_MISMATCH,SETTLEMENT_AMOUNT_ERROR,RESOLUTION_CANDIDATE,RESOLUTION_CANDIDATE,True,True,True,True,DETERMINISTIC,1
S385,PAY00004,MISSING_SETTLEMENT,SETTLEMENT_RECORD_MISSING,RESOLUTION_CANDIDATE,RESOLUTION_CANDIDATE,True,True,True,True,DETERMINISTIC,1
S386,PAY00004,DUPLICATE_PAYMENT,DUPLICATE_PAYMENT_RECORD,RESOLUTION_CANDIDATE,RESOLUTION_CANDIDATE,True,True,True,True,DETERMINISTIC,1
S387,PAY00005,MISSING_SETTLEMENT,SETTLEMENT_RECORD_MISSING,RESOLUTION_CANDIDATE,RESOLUTION_CANDIDATE,True,True,True,True,DETERMINISTIC,1
S388,PAY00010,MISSING_LEDGER_ENTRY,LEDGER_RECORD_MISSING,RESOLUTION_CANDIDATE,RESOLUTION_CANDIDATE,True,True,True,True,DETERMINISTIC,1
S389,PAY00009,MISSING_SETTLEMENT,SETTLEMENT_RECORD_MISSING,RESOLUTION_CANDIDATE,RESOLUTION_CANDIDATE,True,True,True,True,DETERMINISTIC,1
S390,PAY00016,MISSING_SETTLEMENT,SETTLEMENT_RECORD_MISSING,RESOLUTION_CANDIDATE,RESOLUTION_CANDIDATE,True,True,True,True,DETERMINISTIC,1
S391,PAY00008,MISSING_SETTLEMENT,SETTLEMENT_RECORD_MISSING,RESOLUTION_CANDIDATE,RESOLUTION_CANDIDATE,True,True,True,True,DETERMINISTIC,1
S392,PAY00018,FEE_MISMATCH,FEE_AMOUNT_ERROR,RESOLUTION_CANDIDATE,RESOLUTION_CANDIDATE,True,True,True,True,DETERMINISTIC,1
S393,PAY00007,MISSING_LEDGER_ENTRY,LEDGER_RECORD_MISSING,RESOLUTION_CANDIDATE,RESOLUTION_CANDIDATE,True,True,True,True,DETERMINISTIC,1
S394,PAY00017,DUPLICATE_PAYMENT,DUPLICATE_PAYMENT_RECORD,RESOLUTION_CANDIDATE,RESOLUTION_CANDIDATE,True,True,True,True,DETERMINISTIC,1
S395,PAY00005,SETTLEMENT_AMOUNT_MISMATCH,SETTLEMENT_AMOUNT_ERROR,RESOLUTION_CANDIDATE,RESOLUTION_CANDIDATE,True,True,True,True,DETERMINISTIC,1
S396,PAY00017,REFUND_MISMATCH,REFUND_AMOUNT_ERROR,RESOLUTION_CANDIDATE,RESOLUTION_CANDIDATE,True,True,True,True,DETERMINISTIC,1
S397,PAY00010,DUPLICATE_PAYMENT,DUPLICATE_PAYMENT_RECORD,RESOLUTION_CANDIDATE,RESOLUTION_CANDIDATE,True,True,True,True,DETERMINISTIC,1
S398,PAY00010,MISSING_LEDGER_ENTRY,LEDGER_RECORD_MISSING,RESOLUTION_CANDIDATE,RESOLUTION_CANDIDATE,True,True,True,True,DETERMINISTIC,1
S399,PAY00019,DUPLICATE_PAYMENT,DUPLICATE_PAYMENT_RECORD,RESOLUTION_CANDIDATE,RESOLUTION_CANDIDATE,True,True,True,True,DETERMINISTIC,1
S400,PAY00016,FEE_MISMATCH,FEE_AMOUNT_ERROR,RESOLUTION_CANDIDATE,RESOLUTION_CANDIDATE,True,True,True,True,DETERMINISTIC,1
S401,PAY00018,MISSING_SETTLEMENT,SETTLEMENT_RECORD_MISSING,RESOLUTION_CANDIDATE,RESOLUTION_CANDIDATE,True,True,True,True,DETERMINISTIC,1
S402,PAY00018,MISSING_LEDGER_ENTRY,LEDGER_RECORD_MISSING,RESOLUTION_CANDIDATE,RESOLUTION_CANDIDATE,True,True,True,True,DETERMINISTIC,1
S403,PAY00013,MISSING_SETTLEMENT,SETTLEMENT_RECORD_MISSING,RESOLUTION_CANDIDATE,RESOLUTION_CANDIDATE,True,True,True,True,DETERMINISTIC,1
S404,PAY00011,FEE_MISMATCH,FEE_AMOUNT_ERROR,RESOLUTION_CANDIDATE,RESOLUTION_CANDIDATE,True,True,True,True,DETERMINISTIC,1
S405,PAY00019,MISSING_SETTLEMENT,SETTLEMENT_RECORD_MISSING,RESOLUTION_CANDIDATE,RESOLUTION_CANDIDATE,True,True,True,True,DETERMINISTIC,1
S406,PAY00008,MISSING_SETTLEMENT,SETTLEMENT_RECORD_MISSING,RESOLUTION_CANDIDATE,RESOLUTION_CANDIDATE,True,True,True,True,DETERMINISTIC,1
S407,PAY00016,DUPLICATE_PAYMENT,DUPLICATE_PAYMENT_RECORD,RESOLUTION_CANDIDATE,RESOLUTION_CANDIDATE,True,True,True,True,DETERMINISTIC,1
S408,PAY00013,MISSING_SETTLEMENT,SETTLEMENT_RECORD_MISSING,RESOLUTION_CANDIDATE,RESOLUTION_CANDIDATE,True,True,True,True,DETERMINISTIC,1
S409,PAY00005,MISSING_SETTLEMENT,SETTLEMENT_RECORD_MISSING,RESOLUTION_CANDIDATE,RESOLUTION_CANDIDATE,True,True,True,True,DETERMINISTIC,1
S410,PAY00002,FEE_MISMATCH,FEE_AMOUNT_ERROR,RESOLUTION_CANDIDATE,RESOLUTION_CANDIDATE,True,True,True,True,DETERMINISTIC,1
S411,PAY00004,MISSING_SETTLEMENT,SETTLEMENT_RECORD_MISSING,RESOLUTION_CANDIDATE,RESOLUTION_CANDIDATE,True,True,True,True,DETERMINISTIC,1
S412,PAY00004,MISSING_LEDGER_ENTRY,LEDGER_RECORD_MISSING,RESOLUTION_CANDIDATE,RESOLUTION_CANDIDATE,True,True,True,True,DETERMINISTIC,1
S413,PAY00015,SETTLEMENT_AMOUNT_MISMATCH,SETTLEMENT_AMOUNT_ERROR,RESOLUTION_CANDIDATE,RESOLUTION_CANDIDATE,True,True,True,True,DETERMINISTIC,1
S414,PAY00005,MISSING_SETTLEMENT,SETTLEMENT_RECORD_MISSING,RESOLUTION_CANDIDATE,RESOLUTION_CANDIDATE,True,True,True,True,DETERMINISTIC,1
S415,PAY00005,SETTLEMENT_AMOUNT_MISMATCH,SETTLEMENT_AMOUNT_ERROR,RESOLUTION_CANDIDATE,RESOLUTION_CANDIDATE,True,True,True,True,DETERMINISTIC,1
S416,PAY00009,REFUND_MISMATCH,REFUND_AMOUNT_ERROR,RESOLUTION_CANDIDATE,RESOLUTION_CANDIDATE,True,True,True,True,DETERMINISTIC,1
S417,PAY00018,MISSING_SETTLEMENT,SETTLEMENT_RECORD_MISSING,RESOLUTION_CANDIDATE,RESOLUTION_CANDIDATE,True,True,True,True,DETERMINISTIC,1
S418,PAY00011,DUPLICATE_PAYMENT,DUPLICATE_PAYMENT_RECORD,RESOLUTION_CANDIDATE,RESOLUTION_CANDIDATE,True,True,True,True,DETERMINISTIC,1
S419,PAY00016,MISSING_LEDGER_ENTRY,LEDGER_RECORD_MISSING,RESOLUTION_CANDIDATE,RESOLUTION_CANDIDATE,True,True,True,True,DETERMINISTIC,1
S420,PAY00002,MISSING_LEDGER_ENTRY,LEDGER_RECORD_MISSING,RESOLUTION_CANDIDATE,RESOLUTION_CANDIDATE,True,True,True,True,DETERMINISTIC,1
S421,PAY00003,FEE_MISMATCH,FEE_AMOUNT_ERROR,RESOLUTION_CANDIDATE,RESOLUTION_CANDIDATE,True,True,True,True,DETERMINISTIC,1
S422,PAY00008,DUPLICATE_PAYMENT,DUPLICATE_PAYMENT_RECORD,RESOLUTION_CANDIDATE,RESOLUTION_CANDIDATE,True,True,True,True,DETERMINISTIC,1
S423,PAY00003,MISSING_SETTLEMENT,SETTLEMENT_RECORD_MISSING,RESOLUTION_CANDIDATE,RESOLUTION_CANDIDATE,True,True,True,True,DETERMINISTIC,1
S424,PAY00004,DUPLICATE_PAYMENT,DUPLICATE_PAYMENT_RECORD,RESOLUTION_CANDIDATE,RESOLUTION_CANDIDATE,True,True,True,True,DETERMINISTIC,1
S425,PAY00004,MISSING_SETTLEMENT,SETTLEMENT_RECORD_MISSING,RESOLUTION_CANDIDATE,RESOLUTION_CANDIDATE,True,True,True,True,DETERMINISTIC,1
S426,PAY00006,DUPLICATE_PAYMENT,DUPLICATE_PAYMENT_RECORD,RESOLUTION_CANDIDATE,RESOLUTION_CANDIDATE,True,True,True,True,DETERMINISTIC,1
S427,PAY00010,SETTLEMENT_AMOUNT_MISMATCH,SETTLEMENT_AMOUNT_ERROR,RESOLUTION_CANDIDATE,RESOLUTION_CANDIDATE,True,True,True,True,DETERMINISTIC,1
S428,PAY00011,SETTLEMENT_AMOUNT_MISMATCH,SETTLEMENT_AMOUNT_ERROR,RESOLUTION_CANDIDATE,RESOLUTION_CANDIDATE,True,True,True,True,DETERMINISTIC,1
S429,PAY00014,FEE_MISMATCH,FEE_AMOUNT_ERROR,RESOLUTION_CANDIDATE,RESOLUTION_CANDIDATE,True,True,True,True,DETERMINISTIC,1
S430,PAY00017,MISSING_SETTLEMENT,SETTLEMENT_RECORD_MISSING,RESOLUTION_CANDIDATE,RESOLUTION_CANDIDATE,True,True,True,True,DETERMINISTIC,1
S431,PAY00019,DUPLICATE_PAYMENT,DUPLICATE_PAYMENT_RECORD,RESOLUTION_CANDIDATE,RESOLUTION_CANDIDATE,True,True,True,True,DETERMINISTIC,1
S432,PAY00006,FEE_MISMATCH,FEE_AMOUNT_ERROR,RESOLUTION_CANDIDATE,RESOLUTION_CANDIDATE,True,True,True,True,DETERMINISTIC,1
S433,PAY00003,MISSING_LEDGER_ENTRY,LEDGER_RECORD_MISSING,RESOLUTION_CANDIDATE,RESOLUTION_CANDIDATE,True,True,True,True,DETERMINISTIC,1
S434,PAY00013,MISSING_LEDGER_ENTRY,LEDGER_RECORD_MISSING,RESOLUTION_CANDIDATE,RESOLUTION_CANDIDATE,True,True,True,True,DETERMINISTIC,1
S435,PAY00008,MISSING_SETTLEMENT,SETTLEMENT_RECORD_MISSING,RESOLUTION_CANDIDATE,RESOLUTION_CANDIDATE,True,True,True,True,DETERMINISTIC,1
S436,PAY00019,FEE_MISMATCH,FEE_AMOUNT_ERROR,RESOLUTION_CANDIDATE,RESOLUTION_CANDIDATE,True,True,True,True,DETERMINISTIC,1
S437,PAY00015,DUPLICATE_PAYMENT,DUPLICATE_PAYMENT_RECORD,RESOLUTION_CANDIDATE,RESOLUTION_CANDIDATE,True,True,True,True,DETERMINISTIC,1
S438,PAY00009,MISSING_SETTLEMENT,SETTLEMENT_RECORD_MISSING,RESOLUTION_CANDIDATE,RESOLUTION_CANDIDATE,True,True,True,True,DETERMINISTIC,1
S439,PAY00009,DUPLICATE_PAYMENT,DUPLICATE_PAYMENT_RECORD,RESOLUTION_CANDIDATE,RESOLUTION_CANDIDATE,True,True,True,True,DETERMINISTIC,1
S440,PAY00001,MISSING_SETTLEMENT,SETTLEMENT_RECORD_MISSING,RESOLUTION_CANDIDATE,RESOLUTION_CANDIDATE,True,True,True,True,DETERMINISTIC,1
S441,PAY00010,DUPLICATE_PAYMENT,DUPLICATE_PAYMENT_RECORD,RESOLUTION_CANDIDATE,RESOLUTION_CANDIDATE,True,True,True,True,DETERMINISTIC,1
S442,PAY00014,DUPLICATE_PAYMENT,DUPLICATE_PAYMENT_RECORD,RESOLUTION_CANDIDATE,RESOLUTION_CANDIDATE,True,True,True,True,DETERMINISTIC,1
S443,PAY00009,MISSING_SETTLEMENT,SETTLEMENT_RECORD_MISSING,RESOLUTION_CANDIDATE,RESOLUTION_CANDIDATE,True,True,True,True,DETERMINISTIC,1
S444,PAY00010,FEE_MISMATCH,FEE_AMOUNT_ERROR,RESOLUTION_CANDIDATE,RESOLUTION_CANDIDATE,True,True,True,True,DETERMINISTIC,1
S445,PAY00016,SETTLEMENT_AMOUNT_MISMATCH,SETTLEMENT_AMOUNT_ERROR,RESOLUTION_CANDIDATE,RESOLUTION_CANDIDATE,True,True,True,True,DETERMINISTIC,1
S446,PAY00013,MISSING_LEDGER_ENTRY,LEDGER_RECORD_MISSING,RESOLUTION_CANDIDATE,RESOLUTION_CANDIDATE,True,True,True,True,DETERMINISTIC,1
S447,PAY00012,MISSING_LEDGER_ENTRY,LEDGER_RECORD_MISSING,RESOLUTION_CANDIDATE,RESOLUTION_CANDIDATE,True,True,True,True,DETERMINISTIC,1
S448,PAY00010,DUPLICATE_PAYMENT,DUPLICATE_PAYMENT_RECORD,RESOLUTION_CANDIDATE,RESOLUTION_CANDIDATE,True,True,True,True,DETERMINISTIC,1
S449,PAY00010,SETTLEMENT_AMOUNT_MISMATCH,SETTLEMENT_AMOUNT_ERROR,RESOLUTION_CANDIDATE,RESOLUTION_CANDIDATE,True,True,True,True,DETERMINISTIC,1
S450,PAY00001,MISSING_LEDGER_ENTRY,LEDGER_RECORD_MISSING,RESOLUTION_CANDIDATE,RESOLUTION_CANDIDATE,True,True,True,True,DETERMINISTIC,1
S451,PAY00002,MISSING_LEDGER_ENTRY,LEDGER_RECORD_MISSING,RESOLUTION_CANDIDATE,RESOLUTION_CANDIDATE,True,True,True,True,DETERMINISTIC,1
S452,PAY00008,MISSING_LEDGER_ENTRY,LEDGER_RECORD_MISSING,RESOLUTION_CANDIDATE,RESOLUTION_CANDIDATE,True,True,True,True,DETERMINISTIC,1
S453,PAY00020,REFUND_MISMATCH,REFUND_AMOUNT_ERROR,RESOLUTION_CANDIDATE,RESOLUTION_CANDIDATE,True,True,True,True,DETERMINISTIC,1
S454,PAY00004,DUPLICATE_PAYMENT,DUPLICATE_PAYMENT_RECORD,RESOLUTION_CANDIDATE,RESOLUTION_CANDIDATE,True,True,True,True,DETERMINISTIC,1
S455,PAY00015,SETTLEMENT_AMOUNT_MISMATCH,SETTLEMENT_AMOUNT_ERROR,RESOLUTION_CANDIDATE,RESOLUTION_CANDIDATE,True,True,True,True,DETERMINISTIC,1
S456,PAY00012,DUPLICATE_PAYMENT,DUPLICATE_PAYMENT_RECORD,RESOLUTION_CANDIDATE,RESOLUTION_CANDIDATE,True,True,True,True,DETERMINISTIC,1
S457,PAY00005,SETTLEMENT_AMOUNT_MISMATCH,SETTLEMENT_AMOUNT_ERROR,RESOLUTION_CANDIDATE,RESOLUTION_CANDIDATE,True,True,True,True,DETERMINISTIC,1
S458,PAY00011,DUPLICATE_PAYMENT,DUPLICATE_PAYMENT_RECORD,RESOLUTION_CANDIDATE,RESOLUTION_CANDIDATE,True,True,True,True,DETERMINISTIC,1
S459,PAY00014,FEE_MISMATCH,FEE_AMOUNT_ERROR,RESOLUTION_CANDIDATE,RESOLUTION_CANDIDATE,True,True,True,True,DETERMINISTIC,1
S460,PAY00005,MISSING_LEDGER_ENTRY,LEDGER_RECORD_MISSING,RESOLUTION_CANDIDATE,RESOLUTION_CANDIDATE,True,True,True,True,DETERMINISTIC,1
S461,PAY00012,MISSING_LEDGER_ENTRY,LEDGER_RECORD_MISSING,RESOLUTION_CANDIDATE,RESOLUTION_CANDIDATE,True,True,True,True,DETERMINISTIC,1
S462,PAY00017,REFUND_MISMATCH,REFUND_AMOUNT_ERROR,RESOLUTION_CANDIDATE,RESOLUTION_CANDIDATE,True,True,True,True,DETERMINISTIC,1
S463,PAY00009,MISSING_SETTLEMENT,SETTLEMENT_RECORD_MISSING,RESOLUTION_CANDIDATE,RESOLUTION_CANDIDATE,True,True,True,True,DETERMINISTIC,1
S464,PAY00010,DUPLICATE_PAYMENT,DUPLICATE_PAYMENT_RECORD,RESOLUTION_CANDIDATE,RESOLUTION_CANDIDATE,True,True,True,True,DETERMINISTIC,1
S465,PAY00011,SETTLEMENT_AMOUNT_MISMATCH,SETTLEMENT_AMOUNT_ERROR,RESOLUTION_CANDIDATE,RESOLUTION_CANDIDATE,True,True,True,True,DETERMINISTIC,1
S466,PAY00003,FEE_MISMATCH,FEE_AMOUNT_ERROR,RESOLUTION_CANDIDATE,RESOLUTION_CANDIDATE,True,True,True,True,DETERMINISTIC,1
S467,PAY00013,MISSING_LEDGER_ENTRY,LEDGER_RECORD_MISSING,RESOLUTION_CANDIDATE,RESOLUTION_CANDIDATE,True,True,True,True,DETERMINISTIC,1
S468,PAY00012,SETTLEMENT_AMOUNT_MISMATCH,SETTLEMENT_AMOUNT_ERROR,RESOLUTION_CANDIDATE,RESOLUTION_CANDIDATE,True,True,True,True,DETERMINISTIC,1
S469,PAY00018,SETTLEMENT_AMOUNT_MISMATCH,SETTLEMENT_AMOUNT_ERROR,RESOLUTION_CANDIDATE,RESOLUTION_CANDIDATE,True,True,True,True,DETERMINISTIC,1
S470,PAY00012,DUPLICATE_PAYMENT,DUPLICATE_PAYMENT_RECORD,RESOLUTION_CANDIDATE,RESOLUTION_CANDIDATE,True,True,True,True,DETERMINISTIC,1
S471,PAY00009,MISSING_LEDGER_ENTRY,LEDGER_RECORD_MISSING,RESOLUTION_CANDIDATE,RESOLUTION_CANDIDATE,True,True,True,True,DETERMINISTIC,1
S472,PAY00013,DUPLICATE_PAYMENT,DUPLICATE_PAYMENT_RECORD,RESOLUTION_CANDIDATE,RESOLUTION_CANDIDATE,True,True,True,True,DETERMINISTIC,1
S473,PAY00012,SETTLEMENT_AMOUNT_MISMATCH,SETTLEMENT_AMOUNT_ERROR,RESOLUTION_CANDIDATE,RESOLUTION_CANDIDATE,True,True,True,True,DETERMINISTIC,1
S474,PAY00008,MISSING_SETTLEMENT,SETTLEMENT_RECORD_MISSING,RESOLUTION_CANDIDATE,RESOLUTION_CANDIDATE,True,True,True,True,DETERMINISTIC,1
S475,PAY00001,MISSING_LEDGER_ENTRY,LEDGER_RECORD_MISSING,RESOLUTION_CANDIDATE,RESOLUTION_CANDIDATE,True,True,True,True,DETERMINISTIC,1
S476,PAY00020,FEE_MISMATCH,FEE_AMOUNT_ERROR,RESOLUTION_CANDIDATE,HUMAN_REVIEW,False,False,False,False,AI_FALLBACK_DETERMINISTIC,2
S477,PAY00015,DUPLICATE_PAYMENT,DUPLICATE_PAYMENT_RECORD,RESOLUTION_CANDIDATE,RESOLUTION_CANDIDATE,True,True,True,True,DETERMINISTIC,1
S478,PAY00010,DUPLICATE_PAYMENT,DUPLICATE_PAYMENT_RECORD,RESOLUTION_CANDIDATE,RESOLUTION_CANDIDATE,True,True,True,True,DETERMINISTIC,1
S479,PAY00014,SETTLEMENT_AMOUNT_MISMATCH,SETTLEMENT_AMOUNT_ERROR,RESOLUTION_CANDIDATE,RESOLUTION_CANDIDATE,True,True,True,True,DETERMINISTIC,1
S480,PAY00002,SETTLEMENT_AMOUNT_MISMATCH,SETTLEMENT_AMOUNT_ERROR,RESOLUTION_CANDIDATE,RESOLUTION_CANDIDATE,True,True,True,True,DETERMINISTIC,1
S481,PAY00016,SETTLEMENT_AMOUNT_MISMATCH,SETTLEMENT_AMOUNT_ERROR,RESOLUTION_CANDIDATE,RESOLUTION_CANDIDATE,True,True,True,True,DETERMINISTIC,1
S482,PAY00008,MISSING_LEDGER_ENTRY,LEDGER_RECORD_MISSING,RESOLUTION_CANDIDATE,RESOLUTION_CANDIDATE,True,True,True,True,DETERMINISTIC,1
S483,PAY00005,MISSING_SETTLEMENT,SETTLEMENT_RECORD_MISSING,RESOLUTION_CANDIDATE,RESOLUTION_CANDIDATE,True,True,True,True,DETERMINISTIC,1
S484,PAY00018,MISSING_SETTLEMENT,SETTLEMENT_RECORD_MISSING,RESOLUTION_CANDIDATE,RESOLUTION_CANDIDATE,True,True,True,True,DETERMINISTIC,1
S485,PAY00019,DUPLICATE_PAYMENT,DUPLICATE_PAYMENT_RECORD,RESOLUTION_CANDIDATE,RESOLUTION_CANDIDATE,True,True,True,True,DETERMINISTIC,1
S486,PAY00005,MISSING_SETTLEMENT,SETTLEMENT_RECORD_MISSING,RESOLUTION_CANDIDATE,RESOLUTION_CANDIDATE,True,True,True,True,DETERMINISTIC,1
S487,PAY00004,MISSING_SETTLEMENT,SETTLEMENT_RECORD_MISSING,RESOLUTION_CANDIDATE,RESOLUTION_CANDIDATE,True,True,True,True,DETERMINISTIC,1
S488,PAY00020,MISSING_SETTLEMENT,SETTLEMENT_RECORD_MISSING,RESOLUTION_CANDIDATE,RESOLUTION_CANDIDATE,True,True,True,True,DETERMINISTIC,1
S489,PAY00009,SETTLEMENT_AMOUNT_MISMATCH,SETTLEMENT_AMOUNT_ERROR,RESOLUTION_CANDIDATE,RESOLUTION_CANDIDATE,True,True,True,True,DETERMINISTIC,1
S490,PAY00012,FEE_MISMATCH,FEE_AMOUNT_ERROR,RESOLUTION_CANDIDATE,RESOLUTION_CANDIDATE,True,True,True,True,DETERMINISTIC,1
S491,PAY00015,FEE_MISMATCH,FEE_AMOUNT_ERROR,RESOLUTION_CANDIDATE,RESOLUTION_CANDIDATE,True,True,True,True,DETERMINISTIC,1
S492,PAY00004,DUPLICATE_PAYMENT,DUPLICATE_PAYMENT_RECORD,RESOLUTION_CANDIDATE,RESOLUTION_CANDIDATE,True,True,True,True,DETERMINISTIC,1
S493,PAY00012,MISSING_LEDGER_ENTRY,LEDGER_RECORD_MISSING,RESOLUTION_CANDIDATE,RESOLUTION_CANDIDATE,True,True,True,True,DETERMINISTIC,1
S494,PAY00012,SETTLEMENT_AMOUNT_MISMATCH,SETTLEMENT_AMOUNT_ERROR,RESOLUTION_CANDIDATE,RESOLUTION_CANDIDATE,True,True,True,True,DETERMINISTIC,1
S495,PAY00015,SETTLEMENT_AMOUNT_MISMATCH,SETTLEMENT_AMOUNT_ERROR,RESOLUTION_CANDIDATE,RESOLUTION_CANDIDATE,True,True,True,True,DETERMINISTIC,1
S496,PAY00007,DUPLICATE_PAYMENT,DUPLICATE_PAYMENT_RECORD,RESOLUTION_CANDIDATE,RESOLUTION_CANDIDATE,True,True,True,True,DETERMINISTIC,1
S497,PAY00020,SETTLEMENT_AMOUNT_MISMATCH,SETTLEMENT_AMOUNT_ERROR,RESOLUTION_CANDIDATE,RESOLUTION_CANDIDATE,True,True,True,True,DETERMINISTIC,1
S498,PAY00011,FEE_MISMATCH,FEE_AMOUNT_ERROR,RESOLUTION_CANDIDATE,RESOLUTION_CANDIDATE,True,True,True,True,DETERMINISTIC,1
S499,PAY00019,FEE_MISMATCH,FEE_AMOUNT_ERROR,RESOLUTION_CANDIDATE,RESOLUTION_CANDIDATE,True,True,True,True,DETERMINISTIC,1
S500,PAY00018,FEE_MISMATCH,FEE_AMOUNT_ERROR,RESOLUTION_CANDIDATE,RESOLUTION_CANDIDATE,True,True,True,True,DETERMINISTIC,1
