case_id,payment_id,exception_type,true_root_cause,expected_behavior
S001,PAY00004,SETTLEMENT_AMOUNT_MISMATCH,SETTLEMENT_AMOUNT_ERROR,INVESTIGATE_AND_RESOLVE
S002,PAY00009,FEE_MISMATCH,FEE_AMOUNT_ERROR,INVESTIGATE_AND_RESOLVE
S003,PAY00005,DUPLICATE_PAYMENT,DUPLICATE_PAYMENT_RECORD,INVESTIGATE_AND_RESOLVE
S004,PAY00004,DUPLICATE_PAYMENT,DUPLICATE_PAYMENT_RECORD,INVESTIGATE_AND_RESOLVE
S005,PAY00018,SETTLEMENT_AMOUNT_MISMATCH,SETTLEMENT_AMOUNT_ERROR,INVESTIGATE_AND_RESOLVE
S006,PAY00014,SETTLEMENT_AMOUNT_MISMATCH,SETTLEMENT_AMOUNT_ERROR,INVESTIGATE_AND_RESOLVE
S007,PAY00003,FEE_MISMATCH,FEE_AMOUNT_ERROR,INVESTIGATE_AND_RESOLVE
S008,PAY00017,MISSING_LEDGER_ENTRY,LEDGER_RECORD_MISSING,INVESTIGATE_AND_RESOLVE
S009,PAY00001,MISSING_LEDGER_ENTRY,LEDGER_RECORD_MISSING,INVESTIGATE_AND_RESOLVE
S010,PAY00007,DUPLICATE_PAYMENT,DUPLICATE_PAYMENT_RECORD,INVESTIGATE_AND_RESOLVE
S011,PAY00018,MISSING_SETTLEMENT,SETTLEMENT_RECORD_MISSING,INVESTIGATE_AND_RESOLVE
S012,PAY00008,MISSING_SETTLEMENT,SETTLEMENT_RECORD_MISSING,INVESTIGATE_AND_RESOLVE
S013,PAY00001,FEE_MISMATCH,FEE_AMOUNT_ERROR,INVESTIGATE_AND_RESOLVE
S014,PAY00005,FEE_MISMATCH,FEE_AMOUNT_ERROR,INVESTIGATE_AND_RESOLVE
S015,PAY00004,SETTLEMENT_AMOUNT_MISMATCH,SETTLEMENT_AMOUNT_ERROR,INVESTIGATE_AND_RESOLVE
S016,PAY00004,REFUND_MISMATCH,REFUND_AMOUNT_ERROR,INVESTIGATE_AND_RESOLVE
S017,PAY00020,REFUND_MISMATCH,REFUND_AMOUNT_ERROR,INVESTIGATE_AND_RESOLVE
S018,PAY00015,MISSING_LEDGER_ENTRY,LEDGER_RECORD_MISSING,INVESTIGATE_AND_RESOLVE
S019,PAY00004,MISSING_SETTLEMENT,SETTLEMENT_RECORD_MISSING,INVESTIGATE_AND_RESOLVE
S020,PAY00003,MISSING_LEDGER_ENTRY,LEDGER_RECORD_MISSING,INVESTIGATE_AND_RESOLVE
S021,PAY00010,DUPLICATE_PAYMENT,DUPLICATE_PAYMENT_RECORD,INVESTIGATE_AND_RESOLVE
S022,PAY00020,REFUND_MISMATCH,REFUND_AMOUNT_ERROR,INVESTIGATE_AND_RESOLVE
S023,PAY00003,SETTLEMENT_AMOUNT_MISMATCH,SETTLEMENT_AMOUNT_ERROR,INVESTIGATE_AND_RESOLVE
S024,PAY00003,FEE_MISMATCH,FEE_AMOUNT_ERROR,INVESTIGATE_AND_RESOLVE
S025,PAY00015,DUPLICATE_PAYMENT,DUPLICATE_PAYMENT_RECORD,INVESTIGATE_AND_RESOLVE
S026,PAY00012,FEE_MISMATCH,FEE_AMOUNT_ERROR,INVESTIGATE_AND_RESOLVE
S027,PAY00012,FEE_MISMATCH,FEE_AMOUNT_ERROR,INVESTIGATE_AND_RESOLVE
S028,PAY00003,MISSING_LEDGER_ENTRY,LEDGER_RECORD_MISSING,INVESTIGATE_AND_RESOLVE
S029,PAY00006,MISSING_LEDGER_ENTRY,LEDGER_RECORD_MISSING,INVESTIGATE_AND_RESOLVE
S030,PAY00008,FEE_MISMATCH,FEE_AMOUNT_ERROR,INVESTIGATE_AND_RESOLVE
S031,PAY00018,FEE_MISMATCH,FEE_AMOUNT_ERROR,INVESTIGATE_AND_RESOLVE
S032,PAY00011,MISSING_SETTLEMENT,SETTLEMENT_RECORD_MISSING,INVESTIGATE_AND_RESOLVE
S033,PAY00009,SETTLEMENT_AMOUNT_MISMATCH,SETTLEMENT_AMOUNT_ERROR,INVESTIGATE_AND_RESOLVE
S034,PAY00019,DUPLICATE_PAYMENT,DUPLICATE_PAYMENT_RECORD,INVESTIGATE_AND_RESOLVE
S035,PAY00011,FEE_MISMATCH,FEE_AMOUNT_ERROR,INVESTIGATE_AND_RESOLVE
S036,PAY00013,DUPLICATE_PAYMENT,DUPLICATE_PAYMENT_RECORD,INVESTIGATE_AND_RESOLVE
S037,PAY00015,FEE_MISMATCH,FEE_AMOUNT_ERROR,INVESTIGATE_AND_RESOLVE
S038,PAY00005,FEE_MISMATCH,FEE_AMOUNT_ERROR,INVESTIGATE_AND_RESOLVE
S039,PAY00019,MISSING_SETTLEMENT,SETTLEMENT_RECORD_MISSING,INVESTIGATE_AND_RESOLVE
S040,PAY00019,MISSING_SETTLEMENT,SETTLEMENT_RECORD_MISSING,INVESTIGATE_AND_RESOLVE
S041,PAY00017,MISSING_SETTLEMENT,SETTLEMENT_RECORD_MISSING,INVESTIGATE_AND_RESOLVE
S042,PAY00003,SETTLEMENT_AMOUNT_MISMATCH,SETTLEMENT_AMOUNT_ERROR,INVESTIGATE_AND_RESOLVE
S043,PAY00005,DUPLICATE_PAYMENT,DUPLICATE_PAYMENT_RECORD,INVESTIGATE_AND_RESOLVE
S044,PAY00006,DUPLICATE_PAYMENT,DUPLICATE_PAYMENT_RECORD,INVESTIGATE_AND_RESOLVE
S045,PAY00014,MISSING_LEDGER_ENTRY,LEDGER_RECORD_MISSING,INVESTIGATE_AND_RESOLVE
S046,PAY00003,MISSING_SETTLEMENT,SETTLEMENT_RECORD_MISSING,INVESTIGATE_AND_RESOLVE
S047,PAY00013,MISSING_LEDGER_ENTRY,LEDGER_RECORD_MISSING,INVESTIGATE_AND_RESOLVE
S048,PAY00015,MISSING_LEDGER_ENTRY,LEDGER_RECORD_MISSING,INVESTIGATE_AND_RESOLVE
S049,PAY00009,MISSING_LEDGER_ENTRY,LEDGER_RECORD_MISSING,INVESTIGATE_AND_RESOLVE
S050,PAY00001,DUPLICATE_PAYMENT,DUPLICATE_PAYMENT_RECORD,INVESTIGATE_AND_RESOLVE
S051,PAY00004,DUPLICATE_PAYMENT,DUPLICATE_PAYMENT_RECORD,INVESTIGATE_AND_RESOLVE
S052,PAY00011,SETTLEMENT_AMOUNT_MISMATCH,SETTLEMENT_AMOUNT_ERROR,INVESTIGATE_AND_RESOLVE
S053,PAY00014,FEE_MISMATCH,FEE_AMOUNT_ERROR,INVESTIGATE_AND_RESOLVE
S054,PAY00001,DUPLICATE_PAYMENT,DUPLICATE_PAYMENT_RECORD,INVESTIGATE_AND_RESOLVE
S055,PAY00009,MISSING_LEDGER_ENTRY,LEDGER_RECORD_MISSING,INVESTIGATE_AND_RESOLVE
S056,PAY00006,MISSING_LEDGER_ENTRY,LEDGER_RECORD_MISSING,INVESTIGATE_AND_RESOLVE
S057,PAY00004,DUPLICATE_PAYMENT,DUPLICATE_PAYMENT_RECORD,INVESTIGATE_AND_RESOLVE
S058,PAY00010,DUPLICATE_PAYMENT,DUPLICATE_PAYMENT_RECORD,INVESTIGATE_AND_RESOLVE
S059,PAY00017,MISSING_LEDGER_ENTRY,LEDGER_RECORD_MISSING,INVESTIGATE_AND_RESOLVE
S060,PAY00007,FEE_MISMATCH,FEE_AMOUNT_ERROR,INVESTIGATE_AND_RESOLVE
S061,PAY00006,MISSING_LEDGER_ENTRY,LEDGER_RECORD_MISSING,INVESTIGATE_AND_RESOLVE
S062,PAY00017,SETTLEMENT_AMOUNT_MISMATCH,SETTLEMENT_AMOUNT_ERROR,INVESTIGATE_AND_RESOLVE
S063,PAY00011,MISSING_SETTLEMENT,SETTLEMENT_RECORD_MISSING,INVESTIGATE_AND_RESOLVE
S064,PAY00001,SETTLEMENT_AMOUNT_MISMATCH,SETTLEMENT_AMOUNT_ERROR,INVESTIGATE_AND_RESOLVE
S065,PAY00010,FEE_MISMATCH,FEE_AMOUNT_ERROR,INVESTIGATE_AND_RESOLVE
S066,PAY00008,MISSING_LEDGER_ENTRY,LEDGER_RECORD_MISSING,INVESTIGATE_AND_RESOLVE
S067,PAY00003,SETTLEMENT_AMOUNT_MISMATCH,SETTLEMENT_AMOUNT_ERROR,INVESTIGATE_AND_RESOLVE
S068,PAY00016,SETTLEMENT_AMOUNT_MISMATCH,SETTLEMENT_AMOUNT_ERROR,INVESTIGATE_AND_RESOLVE
S069,PAY00005,FEE_MISMATCH,FEE_AMOUNT_ERROR,INVESTIGATE_AND_RESOLVE
S070,PAY00018,FEE_MISMATCH,FEE_AMOUNT_ERROR,INVESTIGATE_AND_RESOLVE
S071,PAY00017,MISSING_LEDGER_ENTRY,LEDGER_RECORD_MISSING,INVESTIGATE_AND_RESOLVE
S072,PAY00014,FEE_MISMATCH,FEE_AMOUNT_ERROR,INVESTIGATE_AND_RESOLVE
S073,PAY00007,DUPLICATE_PAYMENT,DUPLICATE_PAYMENT_RECORD,INVESTIGATE_AND_RESOLVE
S074,PAY00010,MISSING_SETTLEMENT,SETTLEMENT_RECORD_MISSING,INVESTIGATE_AND_RESOLVE
S075,PAY00012,MISSING_SETTLEMENT,SETTLEMENT_RECORD_MISSING,INVESTIGATE_AND_RESOLVE
S076,PAY00017,MISSING_SETTLEMENT,SETTLEMENT_RECORD_MISSING,INVESTIGATE_AND_RESOLVE
S077,PAY00004,FEE_MISMATCH,FEE_AMOUNT_ERROR,INVESTIGATE_AND_RESOLVE
S078,PAY00001,MISSING_LEDGER_ENTRY,LEDGER_RECORD_MISSING,INVESTIGATE_AND_RESOLVE
S079,PAY00018,FEE_MISMATCH,FEE_AMOUNT_ERROR,INVESTIGATE_AND_RESOLVE
S080,PAY00008,SETTLEMENT_AMOUNT_MISMATCH,SETTLEMENT_AMOUNT_ERROR,INVESTIGATE_AND_RESOLVE
S081,PAY00003,MISSING_LEDGER_ENTRY,LEDGER_RECORD_MISSING,INVESTIGATE_AND_RESOLVE
S082,PAY00016,FEE_MISMATCH,FEE_AMOUNT_ERROR,INVESTIGATE_AND_RESOLVE
S083,PAY00005,DUPLICATE_PAYMENT,DUPLICATE_PAYMENT_RECORD,INVESTIGATE_AND_RESOLVE
S084,PAY00019,MISSING_LEDGER_ENTRY,LEDGER_RECORD_MISSING,INVESTIGATE_AND_RESOLVE
S085,PAY00016,FEE_MISMATCH,FEE_AMOUNT_ERROR,INVESTIGATE_AND_RESOLVE
S086,PAY00004,DUPLICATE_PAYMENT,DUPLICATE_PAYMENT_RECORD,INVESTIGATE_AND_RESOLVE
S087,PAY00014,MISSING_SETTLEMENT,SETTLEMENT_RECORD_MISSING,INVESTIGATE_AND_RESOLVE
S088,PAY00015,DUPLICATE_PAYMENT,DUPLICATE_PAYMENT_RECORD,INVESTIGATE_AND_RESOLVE
S089,PAY00002,DUPLICATE_PAYMENT,DUPLICATE_PAYMENT_RECORD,INVESTIGATE_AND_RESOLVE
S090,PAY00004,SETTLEMENT_AMOUNT_MISMATCH,SETTLEMENT_AMOUNT_ERROR,INVESTIGATE_AND_RESOLVE
S091,PAY00011,SETTLEMENT_AMOUNT_MISMATCH,SETTLEMENT_AMOUNT_ERROR,INVESTIGATE_AND_RESOLVE
S092,PAY00007,FEE_MISMATCH,FEE_AMOUNT_ERROR,INVESTIGATE_AND_RESOLVE
S093,PAY00015,FEE_MISMATCH,FEE_AMOUNT_ERROR,INVESTIGATE_AND_RESOLVE
S094,PAY00015,FEE_MISMATCH,FEE_AMOUNT_ERROR,INVESTIGATE_AND_RESOLVE
S095,PAY00015,MISSING_LEDGER_ENTRY,LEDGER_RECORD_MISSING,INVESTIGATE_AND_RESOLVE
S096,PAY00004,SETTLEMENT_AMOUNT_MISMATCH,SETTLEMENT_AMOUNT_ERROR,INVESTIGATE_AND_RESOLVE
S097,PAY00018,SETTLEMENT_AMOUNT_MISMATCH,SETTLEMENT_AMOUNT_ERROR,INVESTIGATE_AND_RESOLVE
S098,PAY00008,FEE_MISMATCH,FEE_AMOUNT_ERROR,INVESTIGATE_AND_RESOLVE
S099,PAY00016,MISSING_SETTLEMENT,SETTLEMENT_RECORD_MISSING,INVESTIGATE_AND_RESOLVE
S100,PAY00007,MISSING_SETTLEMENT,SETTLEMENT_RECORD_MISSING,INVESTIGATE_AND_RESOLVE
S101,PAY00002,FEE_MISMATCH,FEE_AMOUNT_ERROR,INVESTIGATE_AND_RESOLVE
S102,PAY00001,MISSING_SETTLEMENT,SETTLEMENT_RECORD_MISSING,INVESTIGATE_AND_RESOLVE
S103,PAY00009,MISSING_SETTLEMENT,SETTLEMENT_RECORD_MISSING,INVESTIGATE_AND_RESOLVE
S104,PAY00010,MISSING_SETTLEMENT,SETTLEMENT_RECORD_MISSING,INVESTIGATE_AND_RESOLVE
S105,PAY00018,DUPLICATE_PAYMENT,DUPLICATE_PAYMENT_RECORD,INVESTIGATE_AND_RESOLVE
S106,PAY00016,FEE_MISMATCH,FEE_AMOUNT_ERROR,INVESTIGATE_AND_RESOLVE
S107,PAY00010,FEE_MISMATCH,FEE_AMOUNT_ERROR,INVESTIGATE_AND_RESOLVE
S108,PAY00019,DUPLICATE_PAYMENT,DUPLICATE_PAYMENT_RECORD,INVESTIGATE_AND_RESOLVE
S109,PAY00018,SETTLEMENT_AMOUNT_MISMATCH,SETTLEMENT_AMOUNT_ERROR,INVESTIGATE_AND_RESOLVE
S110,PAY00011,SETTLEMENT_AMOUNT_MISMATCH,SETTLEMENT_AMOUNT_ERROR,INVESTIGATE_AND_RESOLVE
S111,PAY00019,MISSING_SETTLEMENT,SETTLEMENT_RECORD_MISSING,INVESTIGATE_AND_RESOLVE
S112,PAY00017,MISSING_LEDGER_ENTRY,LEDGER_RECORD_MISSING,INVESTIGATE_AND_RESOLVE
S113,PAY00006,SETTLEMENT_AMOUNT_MISMATCH,SETTLEMENT_AMOUNT_ERROR,INVESTIGATE_AND_RESOLVE
S114,PAY00003,FEE_MISMATCH,FEE_AMOUNT_ERROR,INVESTIGATE_AND_RESOLVE
S115,PAY00020,SETTLEMENT_AMOUNT_MISMATCH,SETTLEMENT_AMOUNT_ERROR,INVESTIGATE_AND_RESOLVE
S116,PAY00008,MISSING_SETTLEMENT,SETTLEMENT_RECORD_MISSING,INVESTIGATE_AND_RESOLVE
S117,PAY00004,MISSING_LEDGER_ENTRY,LEDGER_RECORD_MISSING,INVESTIGATE_AND_RESOLVE
S118,PAY00008,MISSING_LEDGER_ENTRY,LEDGER_RECORD_MISSING,INVESTIGATE_AND_RESOLVE
S119,PAY00020,SETTLEMENT_AMOUNT_MISMATCH,SETTLEMENT_AMOUNT_ERROR,INVESTIGATE_AND_RESOLVE
S120,PAY00003,MISSING_SETTLEMENT,SETTLEMENT_RECORD_MISSING,INVESTIGATE_AND_RESOLVE
S121,PAY00019,MISSING_LEDGER_ENTRY,LEDGER_RECORD_MISSING,INVESTIGATE_AND_RESOLVE
S122,PAY00017,REFUND_MISMATCH,REFUND_AMOUNT_ERROR,INVESTIGATE_AND_RESOLVE
S123,PAY00007,DUPLICATE_PAYMENT,DUPLICATE_PAYMENT_RECORD,INVESTIGATE_AND_RESOLVE
S124,PAY00011,FEE_MISMATCH,FEE_AMOUNT_ERROR,INVESTIGATE_AND_RESOLVE
S125,PAY00013,FEE_MISMATCH,FEE_AMOUNT_ERROR,INVESTIGATE_AND_RESOLVE
S126,PAY00003,SETTLEMENT_AMOUNT_MISMATCH,SETTLEMENT_AMOUNT_ERROR,INVESTIGATE_AND_RESOLVE
S127,PAY00020,MISSING_LEDGER_ENTRY,LEDGER_RECORD_MISSING,INVESTIGATE_AND_RESOLVE
S128,PAY00004,SETTLEMENT_AMOUNT_MISMATCH,SETTLEMENT_AMOUNT_ERROR,INVESTIGATE_AND_RESOLVE
S129,PAY00007,MISSING_LEDGER_ENTRY,LEDGER_RECORD_MISSING,INVESTIGATE_AND_RESOLVE
S130,PAY00009,FEE_MISMATCH,FEE_AMOUNT_ERROR,INVESTIGATE_AND_RESOLVE
S131,PAY00003,FEE_MISMATCH,FEE_AMOUNT_ERROR,INVESTIGATE_AND_RESOLVE
S132,PAY00010,FEE_MISMATCH,FEE_AMOUNT_ERROR,INVESTIGATE_AND_RESOLVE
S133,PAY00018,DUPLICATE_PAYMENT,DUPLICATE_PAYMENT_RECORD,INVESTIGATE_AND_RESOLVE
S134,PAY00010,MISSING_LEDGER_ENTRY,LEDGER_RECORD_MISSING,INVESTIGATE_AND_RESOLVE
S135,PAY00017,SETTLEMENT_AMOUNT_MISMATCH,SETTLEMENT_AMOUNT_ERROR,INVESTIGATE_AND_RESOLVE
S136,PAY00004,FEE_MISMATCH,FEE_AMOUNT_ERROR,INVESTIGATE_AND_RESOLVE
S137,PAY00004,SETTLEMENT_AMOUNT_MISMATCH,SETTLEMENT_AMOUNT_ERROR,INVESTIGATE_AND_RESOLVE
S138,PAY00018,FEE_MISMATCH,FEE_AMOUNT_ERROR,INVESTIGATE_AND_RESOLVE
S139,PAY00010,MISSING_LEDGER_ENTRY,LEDGER_RECORD_MISSING,INVESTIGATE_AND_RESOLVE
S140,PAY00007,DUPLICATE_PAYMENT,DUPLICATE_PAYMENT_RECORD,INVESTIGATE_AND_RESOLVE
S141,PAY00011,FEE_MISMATCH,FEE_AMOUNT_ERROR,INVESTIGATE_AND_RESOLVE
S142,PAY00017,MISSING_SETTLEMENT,SETTLEMENT_RECORD_MISSING,INVESTIGATE_AND_RESOLVE
S143,PAY00009,SETTLEMENT_AMOUNT_MISMATCH,SETTLEMENT_AMOUNT_ERROR,INVESTIGATE_AND_RESOLVE
S144,PAY00002,SETTLEMENT_AMOUNT_MISMATCH,SETTLEMENT_AMOUNT_ERROR,INVESTIGATE_AND_RESOLVE
S145,PAY00005,DUPLICATE_PAYMENT,DUPLICATE_PAYMENT_RECORD,INVESTIGATE_AND_RESOLVE
S146,PAY00009,FEE_MISMATCH,FEE_AMOUNT_ERROR,INVESTIGATE_AND_RESOLVE
S147,PAY00018,DUPLICATE_PAYMENT,DUPLICATE_PAYMENT_RECORD,INVESTIGATE_AND_RESOLVE
S148,PAY00014,MISSING_LEDGER_ENTRY,LEDGER_RECORD_MISSING,INVESTIGATE_AND_RESOLVE
S149,PAY00001,SETTLEMENT_AMOUNT_MISMATCH,SETTLEMENT_AMOUNT_ERROR,INVESTIGATE_AND_RESOLVE
S150,PAY00005,MISSING_LEDGER_ENTRY,LEDGER_RECORD_MISSING,INVESTIGATE_AND_RESOLVE
S151,PAY00019,MISSING_LEDGER_ENTRY,LEDGER_RECORD_MISSING,INVESTIGATE_AND_RESOLVE
S152,PAY00005,MISSING_SETTLEMENT,SETTLEMENT_RECORD_MISSING,INVESTIGATE_AND_RESOLVE
S153,PAY00005,SETTLEMENT_AMOUNT_MISMATCH,SETTLEMENT_AMOUNT_ERROR,INVESTIGATE_AND_RESOLVE
S154,PAY00012,SETTLEMENT_AMOUNT_MISMATCH,SETTLEMENT_AMOUNT_ERROR,INVESTIGATE_AND_RESOLVE
S155,PAY00007,DUPLICATE_PAYMENT,DUPLICATE_PAYMENT_RECORD,INVESTIGATE_AND_RESOLVE
S156,PAY00008,DUPLICATE_PAYMENT,DUPLICATE_PAYMENT_RECORD,INVESTIGATE_AND_RESOLVE
S157,PAY00004,REFUND_MISMATCH,REFUND_AMOUNT_ERROR,INVESTIGATE_AND_RESOLVE
S158,PAY00020,DUPLICATE_PAYMENT,DUPLICATE_PAYMENT_RECORD,INVESTIGATE_AND_RESOLVE
S159,PAY00005,FEE_MISMATCH,FEE_AMOUNT_ERROR,INVESTIGATE_AND_RESOLVE
S160,PAY00006,MISSING_SETTLEMENT,SETTLEMENT_RECORD_MISSING,INVESTIGATE_AND_RESOLVE
S161,PAY00001,FEE_MISMATCH,FEE_AMOUNT_ERROR,INVESTIGATE_AND_RESOLVE
S162,PAY00014,DUPLICATE_PAYMENT,DUPLICATE_PAYMENT_RECORD,INVESTIGATE_AND_RESOLVE
S163,PAY00006,DUPLICATE_PAYMENT,DUPLICATE_PAYMENT_RECORD,INVESTIGATE_AND_RESOLVE
S164,PAY00004,MISSING_SETTLEMENT,SETTLEMENT_RECORD_MISSING,INVESTIGATE_AND_RESOLVE
S165,PAY00002,MISSING_SETTLEMENT,SETTLEMENT_RECORD_MISSING,INVESTIGATE_AND_RESOLVE
S166,PAY00008,FEE_MISMATCH,FEE_AMOUNT_ERROR,INVESTIGATE_AND_RESOLVE
S167,PAY00008,FEE_MISMATCH,FEE_AMOUNT_ERROR,INVESTIGATE_AND_RESOLVE
S168,PAY00007,MISSING_SETTLEMENT,SETTLEMENT_RECORD_MISSING,INVESTIGATE_AND_RESOLVE
S169,PAY00012,DUPLICATE_PAYMENT,DUPLICATE_PAYMENT_RECORD,INVESTIGATE_AND_RESOLVE
S170,PAY00017,MISSING_SETTLEMENT,SETTLEMENT_RECORD_MISSING,INVESTIGATE_AND_RESOLVE
S171,PAY00001,SETTLEMENT_AMOUNT_MISMATCH,SETTLEMENT_AMOUNT_ERROR,INVESTIGATE_AND_RESOLVE
S172,PAY00006,MISSING_LEDGER_ENTRY,LEDGER_RECORD_MISSING,INVESTIGATE_AND_RESOLVE
S173,PAY00009,SETTLEMENT_AMOUNT_MISMATCH,SETTLEMENT_AMOUNT_ERROR,INVESTIGATE_AND_RESOLVE
S174,PAY00020,MISSING_SETTLEMENT,SETTLEMENT_RECORD_MISSING,INVESTIGATE_AND_RESOLVE
S175,PAY00012,DUPLICATE_PAYMENT,DUPLICATE_PAYMENT_RECORD,INVESTIGATE_AND_RESOLVE
S176,PAY00011,MISSING_SETTLEMENT,SETTLEMENT_RECORD_MISSING,INVESTIGATE_AND_RESOLVE
S177,PAY00020,MISSING_LEDGER_ENTRY,LEDGER_RECORD_MISSING,INVESTIGATE_AND_RESOLVE
S178,PAY00004,MISSING_SETTLEMENT,SETTLEMENT_RECORD_MISSING,INVESTIGATE_AND_RESOLVE
S179,PAY00019,FEE_MISMATCH,FEE_AMOUNT_ERROR,INVESTIGATE_AND_RESOLVE
S180,PAY00002,DUPLICATE_PAYMENT,DUPLICATE_PAYMENT_RECORD,INVESTIGATE_AND_RESOLVE
S181,PAY00014,SETTLEMENT_AMOUNT_MISMATCH,SETTLEMENT_AMOUNT_ERROR,INVESTIGATE_AND_RESOLVE
S182,PAY00018,DUPLICATE_PAYMENT,DUPLICATE_PAYMENT_RECORD,INVESTIGATE_AND_RESOLVE
S183,PAY00014,SETTLEMENT_AMOUNT_MISMATCH,SETTLEMENT_AMOUNT_ERROR,INVESTIGATE_AND_RESOLVE
S184,PAY00011,MISSING_LEDGER_ENTRY,LEDGER_RECORD_MISSING,INVESTIGATE_AND_RESOLVE
S185,PAY00011,DUPLICATE_PAYMENT,DUPLICATE_PAYMENT_RECORD,INVESTIGATE_AND_RESOLVE
S186,PAY00004,DUPLICATE_PAYMENT,DUPLICATE_PAYMENT_RECORD,INVESTIGATE_AND_RESOLVE
S187,PAY00010,MISSING_LEDGER_ENTRY,LEDGER_RECORD_MISSING,INVESTIGATE_AND_RESOLVE
S188,PAY00010,DUPLICATE_PAYMENT,DUPLICATE_PAYMENT_RECORD,INVESTIGATE_AND_RESOLVE
S189,PAY00013,DUPLICATE_PAYMENT,DUPLICATE_PAYMENT_RECORD,INVESTIGATE_AND_RESOLVE
S190,PAY00010,MISSING_LEDGER_ENTRY,LEDGER_RECORD_MISSING,INVESTIGATE_AND_RESOLVE
S191,PAY00005,FEE_MISMATCH,FEE_AMOUNT_ERROR,INVESTIGATE_AND_RESOLVE
S192,PAY00013,DUPLICATE_PAYMENT,DUPLICATE_PAYMENT_RECORD,INVESTIGATE_AND_RESOLVE
S193,PAY00006,MISSING_LEDGER_ENTRY,LEDGER_RECORD_MISSING,INVESTIGATE_AND_RESOLVE
S194,PAY00013,MISSING_LEDGER_ENTRY,LEDGER_RECORD_MISSING,INVESTIGATE_AND_RESOLVE
S195,PAY00010,FEE_MISMATCH,FEE_AMOUNT_ERROR,INVESTIGATE_AND_RESOLVE
S196,PAY00019,MISSING_LEDGER_ENTRY,LEDGER_RECORD_MISSING,INVESTIGATE_AND_RESOLVE
S197,PAY00011,MISSING_SETTLEMENT,SETTLEMENT_RECORD_MISSING,INVESTIGATE_AND_RESOLVE
S198,PAY00015,MISSING_SETTLEMENT,SETTLEMENT_RECORD_MISSING,INVESTIGATE_AND_RESOLVE
S199,PAY00007,MISSING_LEDGER_ENTRY,LEDGER_RECORD_MISSING,INVESTIGATE_AND_RESOLVE
S200,PAY00016,DUPLICATE_PAYMENT,DUPLICATE_PAYMENT_RECORD,INVESTIGATE_AND_RESOLVE
S201,PAY00006,DUPLICATE_PAYMENT,DUPLICATE_PAYMENT_RECORD,INVESTIGATE_AND_RESOLVE
S202,PAY00017,DUPLICATE_PAYMENT,DUPLICATE_PAYMENT_RECORD,INVESTIGATE_AND_RESOLVE
S203,PAY00020,REFUND_MISMATCH,REFUND_AMOUNT_ERROR,INVESTIGATE_AND_RESOLVE
S204,PAY00008,DUPLICATE_PAYMENT,DUPLICATE_PAYMENT_RECORD,INVESTIGATE_AND_RESOLVE
S205,PAY00010,FEE_MISMATCH,FEE_AMOUNT_ERROR,INVESTIGATE_AND_RESOLVE
S206,PAY00005,SETTLEMENT_AMOUNT_MISMATCH,SETTLEMENT_AMOUNT_ERROR,INVESTIGATE_AND_RESOLVE
S207,PAY00008,MISSING_SETTLEMENT,SETTLEMENT_RECORD_MISSING,INVESTIGATE_AND_RESOLVE
S208,PAY00020,SETTLEMENT_AMOUNT_MISMATCH,SETTLEMENT_AMOUNT_ERROR,INVESTIGATE_AND_RESOLVE
S209,PAY00014,DUPLICATE_PAYMENT,DUPLICATE_PAYMENT_RECORD,INVESTIGATE_AND_RESOLVE
S210,PAY00019,FEE_MISMATCH,FEE_AMOUNT_ERROR,INVESTIGATE_AND_RESOLVE
S211,PAY00016,MISSING_SETTLEMENT,SETTLEMENT_RECORD_MISSING,INVESTIGATE_AND_RESOLVE
S212,PAY00008,FEE_MISMATCH,FEE_AMOUNT_ERROR,INVESTIGATE_AND_RESOLVE
S213,PAY00004,MISSING_SETTLEMENT,SETTLEMENT_RECORD_MISSING,INVESTIGATE_AND_RESOLVE
S214,PAY00008,FEE_MISMATCH,FEE_AMOUNT_ERROR,INVESTIGATE_AND_RESOLVE
S215,PAY00015,SETTLEMENT_AMOUNT_MISMATCH,SETTLEMENT_AMOUNT_ERROR,INVESTIGATE_AND_RESOLVE
S216,PAY00008,SETTLEMENT_AMOUNT_MISMATCH,SETTLEMENT_AMOUNT_ERROR,INVESTIGATE_AND_RESOLVE
S217,PAY00005,MISSING_SETTLEMENT,SETTLEMENT_RECORD_MISSING,INVESTIGATE_AND_RESOLVE
S218,PAY00017,MISSING_LEDGER_ENTRY,LEDGER_RECORD_MISSING,INVESTIGATE_AND_RESOLVE
S219,PAY00020,REFUND_MISMATCH,REFUND_AMOUNT_ERROR,INVESTIGATE_AND_RESOLVE
S220,PAY00020,DUPLICATE_PAYMENT,DUPLICATE_PAYMENT_RECORD,INVESTIGATE_AND_RESOLVE
S221,PAY00017,MISSING_SETTLEMENT,SETTLEMENT_RECORD_MISSING,INVESTIGATE_AND_RESOLVE
S222,PAY00018,MISSING_SETTLEMENT,SETTLEMENT_RECORD_MISSING,INVESTIGATE_AND_RESOLVE
S223,PAY00006,DUPLICATE_PAYMENT,DUPLICATE_PAYMENT_RECORD,INVESTIGATE_AND_RESOLVE
S224,PAY00016,MISSING_SETTLEMENT,SETTLEMENT_RECORD_MISSING,INVESTIGATE_AND_RESOLVE
S225,PAY00009,FEE_MISMATCH,FEE_AMOUNT_ERROR,INVESTIGATE_AND_RESOLVE
S226,PAY00017,MISSING_SETTLEMENT,SETTLEMENT_RECORD_MISSING,INVESTIGATE_AND_RESOLVE
S227,PAY00015,SETTLEMENT_AMOUNT_MISMATCH,SETTLEMENT_AMOUNT_ERROR,INVESTIGATE_AND_RESOLVE
S228,PAY00010,FEE_MISMATCH,FEE_AMOUNT_ERROR,INVESTIGATE_AND_RESOLVE
S229,PAY00018,SETTLEMENT_AMOUNT_MISMATCH,SETTLEMENT_AMOUNT_ERROR,INVESTIGATE_AND_RESOLVE
S230,PAY00005,FEE_MISMATCH,FEE_AMOUNT_ERROR,INVESTIGATE_AND_RESOLVE
S231,PAY00005,DUPLICATE_PAYMENT,DUPLICATE_PAYMENT_RECORD,INVESTIGATE_AND_RESOLVE
S232,PAY00007,SETTLEMENT_AMOUNT_MISMATCH,SETTLEMENT_AMOUNT_ERROR,INVESTIGATE_AND_RESOLVE
S233,PAY00018,MISSING_SETTLEMENT,SETTLEMENT_RECORD_MISSING,INVESTIGATE_AND_RESOLVE
S234,PAY00014,SETTLEMENT_AMOUNT_MISMATCH,SETTLEMENT_AMOUNT_ERROR,INVESTIGATE_AND_RESOLVE
S235,PAY00014,MISSING_SETTLEMENT,SETTLEMENT_RECORD_MISSING,INVESTIGATE_AND_RESOLVE
S236,PAY00019,DUPLICATE_PAYMENT,DUPLICATE_PAYMENT_RECORD,INVESTIGATE_AND_RESOLVE
S237,PAY00001,MISSING_LEDGER_ENTRY,LEDGER_RECORD_MISSING,INVESTIGATE_AND_RESOLVE
S238,PAY00013,MISSING_SETTLEMENT,SETTLEMENT_RECORD_MISSING,INVESTIGATE_AND_RESOLVE
S239,PAY00010,MISSING_SETTLEMENT,SETTLEMENT_RECORD_MISSING,INVESTIGATE_AND_RESOLVE
S240,PAY00014,MISSING_LEDGER_ENTRY,LEDGER_RECORD_MISSING,INVESTIGATE_AND_RESOLVE
S241,PAY00018,MISSING_LEDGER_ENTRY,LEDGER_RECORD_MISSING,INVESTIGATE_AND_RESOLVE
S242,PAY00008,MISSING_SETTLEMENT,SETTLEMENT_RECORD_MISSING,INVESTIGATE_AND_RESOLVE
S243,PAY00014,MISSING_SETTLEMENT,SETTLEMENT_RECORD_MISSING,INVESTIGATE_AND_RESOLVE
S244,PAY00001,MISSING_SETTLEMENT,SETTLEMENT_RECORD_MISSING,INVESTIGATE_AND_RESOLVE
S245,PAY00011,DUPLICATE_PAYMENT,DUPLICATE_PAYMENT_RECORD,INVESTIGATE_AND_RESOLVE
S246,PAY00013,DUPLICATE_PAYMENT,DUPLICATE_PAYMENT_RECORD,INVESTIGATE_AND_RESOLVE
S247,PAY00006,MISSING_SETTLEMENT,SETTLEMENT_RECORD_MISSING,INVESTIGATE_AND_RESOLVE
S248,PAY00005,MISSING_LEDGER_ENTRY,LEDGER_RECORD_MISSING,INVESTIGATE_AND_RESOLVE
S249,PAY00018,SETTLEMENT_AMOUNT_MISMATCH,SETTLEMENT_AMOUNT_ERROR,INVESTIGATE_AND_RESOLVE
S250,PAY00019,MISSING_LEDGER_ENTRY,LEDGER_RECORD_MISSING,INVESTIGATE_AND_RESOLVE
S251,PAY00001,SETTLEMENT_AMOUNT_MISMATCH,SETTLEMENT_AMOUNT_ERROR,INVESTIGATE_AND_RESOLVE
S252,PAY00014,FEE_MISMATCH,FEE_AMOUNT_ERROR,INVESTIGATE_AND_RESOLVE
S253,PAY00006,SETTLEMENT_AMOUNT_MISMATCH,SETTLEMENT_AMOUNT_ERROR,INVESTIGATE_AND_RESOLVE
S254,PAY00007,MISSING_SETTLEMENT,SETTLEMENT_RECORD_MISSING,INVESTIGATE_AND_RESOLVE
S255,PAY00003,MISSING_SETTLEMENT,SETTLEMENT_RECORD_MISSING,INVESTIGATE_AND_RESOLVE
S256,PAY00001,DUPLICATE_PAYMENT,DUPLICATE_PAYMENT_RECORD,INVESTIGATE_AND_RESOLVE
S257,PAY00018,SETTLEMENT_AMOUNT_MISMATCH,SETTLEMENT_AMOUNT_ERROR,INVESTIGATE_AND_RESOLVE
S258,PAY00008,DUPLICATE_PAYMENT,DUPLICATE_PAYMENT_RECORD,INVESTIGATE_AND_RESOLVE
S259,PAY00003,DUPLICATE_PAYMENT,DUPLICATE_PAYMENT_RECORD,INVESTIGATE_AND_RESOLVE
S260,PAY00002,SETTLEMENT_AMOUNT_MISMATCH,SETTLEMENT_AMOUNT_ERROR,INVESTIGATE_AND_RESOLVE
S261,PAY00007,SETTLEMENT_AMOUNT_MISMATCH,SETTLEMENT_AMOUNT_ERROR,INVESTIGATE_AND_RESOLVE
S262,PAY00005,FEE_MISMATCH,FEE_AMOUNT_ERROR,INVESTIGATE_AND_RESOLVE
S263,PAY00016,DUPLICATE_PAYMENT,DUPLICATE_PAYMENT_RECORD,INVESTIGATE_AND_RESOLVE
S264,PAY00004,MISSING_LEDGER_ENTRY,LEDGER_RECORD_MISSING,INVESTIGATE_AND_RESOLVE
S265,PAY00007,MISSING_SETTLEMENT,SETTLEMENT_RECORD_MISSING,INVESTIGATE_AND_RESOLVE
S266,PAY00009,REFUND_MISMATCH,REFUND_AMOUNT_ERROR,INVESTIGATE_AND_RESOLVE
S267,PAY00020,MISSING_LEDGER_ENTRY,LEDGER_RECORD_MISSING,INVESTIGATE_AND_RESOLVE
S268,PAY00004,FEE_MISMATCH,FEE_AMOUNT_ERROR,INVESTIGATE_AND_RESOLVE
S269,PAY00004,MISSING_LEDGER_ENTRY,LEDGER_RECORD_MISSING,INVESTIGATE_AND_RESOLVE
S270,PAY00019,DUPLICATE_PAYMENT,DUPLICATE_PAYMENT_RECORD,INVESTIGATE_AND_RESOLVE
S271,PAY00013,MISSING_SETTLEMENT,SETTLEMENT_RECORD_MISSING,INVESTIGATE_AND_RESOLVE
S272,PAY00007,SETTLEMENT_AMOUNT_MISMATCH,SETTLEMENT_AMOUNT_ERROR,INVESTIGATE_AND_RESOLVE
S273,PAY00008,SETTLEMENT_AMOUNT_MISMATCH,SETTLEMENT_AMOUNT_ERROR,INVESTIGATE_AND_RESOLVE
S274,PAY00010,DUPLICATE_PAYMENT,DUPLICATE_PAYMENT_RECORD,INVESTIGATE_AND_RESOLVE
S275,PAY00020,SETTLEMENT_AMOUNT_MISMATCH,SETTLEMENT_AMOUNT_ERROR,INVESTIGATE_AND_RESOLVE
S276,PAY00018,MISSING_SETTLEMENT,SETTLEMENT_RECORD_MISSING,INVESTIGATE_AND_RESOLVE
S277,PAY00012,SETTLEMENT_AMOUNT_MISMATCH,SETTLEMENT_AMOUNT_ERROR,INVESTIGATE_AND_RESOLVE
S278,PAY00011,SETTLEMENT_AMOUNT_MISMATCH,SETTLEMENT_AMOUNT_ERROR,INVESTIGATE_AND_RESOLVE
S279,PAY00016,SETTLEMENT_AMOUNT_MISMATCH,SETTLEMENT_AMOUNT_ERROR,INVESTIGATE_AND_RESOLVE
S280,PAY00012,DUPLICATE_PAYMENT,DUPLICATE_PAYMENT_RECORD,INVESTIGATE_AND_RESOLVE
S281,PAY00015,DUPLICATE_PAYMENT,DUPLICATE_PAYMENT_RECORD,INVESTIGATE_AND_RESOLVE
S282,PAY00005,MISSING_SETTLEMENT,SETTLEMENT_RECORD_MISSING,INVESTIGATE_AND_RESOLVE
S283,PAY00006,DUPLICATE_PAYMENT,DUPLICATE_PAYMENT_RECORD,INVESTIGATE_AND_RESOLVE
S284,PAY00017,DUPLICATE_PAYMENT,DUPLICATE_PAYMENT_RECORD,INVESTIGATE_AND_RESOLVE
S285,PAY00009,MISSING_LEDGER_ENTRY,LEDGER_RECORD_MISSING,INVESTIGATE_AND_RESOLVE
S286,PAY00018,MISSING_SETTLEMENT,SETTLEMENT_RECORD_MISSING,INVESTIGATE_AND_RESOLVE
S287,PAY00015,MISSING_SETTLEMENT,SETTLEMENT_RECORD_MISSING,INVESTIGATE_AND_RESOLVE
S288,PAY00011,FEE_MISMATCH,FEE_AMOUNT_ERROR,INVESTIGATE_AND_RESOLVE
S289,PAY00009,MISSING_SETTLEMENT,SETTLEMENT_RECORD_MISSING,INVESTIGATE_AND_RESOLVE
S290,PAY00008,MISSING_SETTLEMENT,SETTLEMENT_RECORD_MISSING,INVESTIGATE_AND_RESOLVE
S291,PAY00019,MISSING_LEDGER_ENTRY,LEDGER_RECORD_MISSING,INVESTIGATE_AND_RESOLVE
S292,PAY00001,MISSING_SETTLEMENT,SETTLEMENT_RECORD_MISSING,INVESTIGATE_AND_RESOLVE
S293,PAY00011,FEE_MISMATCH,FEE_AMOUNT_ERROR,INVESTIGATE_AND_RESOLVE
S294,PAY00009,REFUND_MISMATCH,REFUND_AMOUNT_ERROR,INVESTIGATE_AND_RESOLVE
S295,PAY00020,DUPLICATE_PAYMENT,DUPLICATE_PAYMENT_RECORD,INVESTIGATE_AND_RESOLVE
S296,PAY00009,MISSING_LEDGER_ENTRY,LEDGER_RECORD_MISSING,INVESTIGATE_AND_RESOLVE
S297,PAY00001,MISSING_LEDGER_ENTRY,LEDGER_RECORD_MISSING,INVESTIGATE_AND_RESOLVE
S298,PAY00007,SETTLEMENT_AMOUNT_MISMATCH,SETTLEMENT_AMOUNT_ERROR,INVESTIGATE_AND_RESOLVE
S299,PAY00014,MISSING_SETTLEMENT,SETTLEMENT_RECORD_MISSING,INVESTIGATE_AND_RESOLVE
S300,PAY00018,FEE_MISMATCH,FEE_AMOUNT_ERROR,INVESTIGATE_AND_RESOLVE
S301,PAY00016,MISSING_SETTLEMENT,SETTLEMENT_RECORD_MISSING,INVESTIGATE_AND_RESOLVE
S302,PAY00001,SETTLEMENT_AMOUNT_MISMATCH,SETTLEMENT_AMOUNT_ERROR,INVESTIGATE_AND_RESOLVE
S303,PAY00008,MISSING_SETTLEMENT,SETTLEMENT_RECORD_MISSING,INVESTIGATE_AND_RESOLVE
S304,PAY00016,MISSING_LEDGER_ENTRY,LEDGER_RECORD_MISSING,INVESTIGATE_AND_RESOLVE
S305,PAY00017,REFUND_MISMATCH,REFUND_AMOUNT_ERROR,INVESTIGATE_AND_RESOLVE
S306,PAY00012,DUPLICATE_PAYMENT,DUPLICATE_PAYMENT_RECORD,INVESTIGATE_AND_RESOLVE
S307,PAY00008,SETTLEMENT_AMOUNT_MISMATCH,SETTLEMENT_AMOUNT_ERROR,INVESTIGATE_AND_RESOLVE
S308,PAY00004,DUPLICATE_PAYMENT,DUPLICATE_PAYMENT_RECORD,INVESTIGATE_AND_RESOLVE
S309,PAY00018,DUPLICATE_PAYMENT,DUPLICATE_PAYMENT_RECORD,INVESTIGATE_AND_RESOLVE
S310,PAY00006,FEE_MISMATCH,FEE_AMOUNT_ERROR,INVESTIGATE_AND_RESOLVE
S311,PAY00019,MISSING_LEDGER_ENTRY,LEDGER_RECORD_MISSING,INVESTIGATE_AND_RESOLVE
S312,PAY00020,REFUND_MISMATCH,REFUND_AMOUNT_ERROR,INVESTIGATE_AND_RESOLVE
S313,PAY00001,DUPLICATE_PAYMENT,DUPLICATE_PAYMENT_RECORD,INVESTIGATE_AND_RESOLVE
S314,PAY00018,FEE_MISMATCH,FEE_AMOUNT_ERROR,INVESTIGATE_AND_RESOLVE
S315,PAY00002,SETTLEMENT_AMOUNT_MISMATCH,SETTLEMENT_AMOUNT_ERROR,INVESTIGATE_AND_RESOLVE
S316,PAY00010,DUPLICATE_PAYMENT,DUPLICATE_PAYMENT_RECORD,INVESTIGATE_AND_RESOLVE
S317,PAY00005,DUPLICATE_PAYMENT,DUPLICATE_PAYMENT_RECORD,INVESTIGATE_AND_RESOLVE
S318,PAY00016,SETTLEMENT_AMOUNT_MISMATCH,SETTLEMENT_AMOUNT_ERROR,INVESTIGATE_AND_RESOLVE
S319,PAY00016,MISSING_SETTLEMENT,SETTLEMENT_RECORD_MISSING,INVESTIGATE_AND_RESOLVE
S320,PAY00006,SETTLEMENT_AMOUNT_MISMATCH,SETTLEMENT_AMOUNT_ERROR,INVESTIGATE_AND_RESOLVE
S321,PAY00016,SETTLEMENT_AMOUNT_MISMATCH,SETTLEMENT_AMOUNT_ERROR,INVESTIGATE_AND_RESOLVE
S322,PAY00013,MISSING_SETTLEMENT,SETTLEMENT_RECORD_MISSING,INVESTIGATE_AND_RESOLVE
S323,PAY00003,MISSING_LEDGER_ENTRY,LEDGER_RECORD_MISSING,INVESTIGATE_AND_RESOLVE
S324,PAY00003,FEE_MISMATCH,FEE_AMOUNT_ERROR,INVESTIGATE_AND_RESOLVE
S325,PAY00018,MISSING_SETTLEMENT,SETTLEMENT_RECORD_MISSING,INVESTIGATE_AND_RESOLVE
S326,PAY00020,MISSING_LEDGER_ENTRY,LEDGER_RECORD_MISSING,INVESTIGATE_AND_RESOLVE
S327,PAY00020,FEE_MISMATCH,FEE_AMOUNT_ERROR,INVESTIGATE_AND_RESOLVE
S328,PAY00013,MISSING_SETTLEMENT,SETTLEMENT_RECORD_MISSING,INVESTIGATE_AND_RESOLVE
S329,PAY00019,MISSING_SETTLEMENT,SETTLEMENT_RECORD_MISSING,INVESTIGATE_AND_RESOLVE
S330,PAY00010,MISSING_LEDGER_ENTRY,LEDGER_RECORD_MISSING,INVESTIGATE_AND_RESOLVE
S331,PAY00020,SETTLEMENT_AMOUNT_MISMATCH,SETTLEMENT_AMOUNT_ERROR,INVESTIGATE_AND_RESOLVE
S332,PAY00004,FEE_MISMATCH,FEE_AMOUNT_ERROR,INVESTIGATE_AND_RESOLVE
S333,PAY00009,DUPLICATE_PAYMENT,DUPLICATE_PAYMENT_RECORD,INVESTIGATE_AND_RESOLVE
S334,PAY00003,FEE_MISMATCH,FEE_AMOUNT_ERROR,INVESTIGATE_AND_RESOLVE
S335,PAY00006,MISSING_LEDGER_ENTRY,LEDGER_RECORD_MISSING,INVESTIGATE_AND_RESOLVE
S336,PAY00003,FEE_MISMATCH,FEE_AMOUNT_ERROR,INVESTIGATE_AND_RESOLVE
S337,PAY00014,MISSING_SETTLEMENT,SETTLEMENT_RECORD_MISSING,INVESTIGATE_AND_RESOLVE
S338,PAY00020,MISSING_SETTLEMENT,SETTLEMENT_RECORD_MISSING,INVESTIGATE_AND_RESOLVE
S339,PAY00010,SETTLEMENT_AMOUNT_MISMATCH,SETTLEMENT_AMOUNT_ERROR,INVESTIGATE_AND_RESOLVE
S340,PAY00010,DUPLICATE_PAYMENT,DUPLICATE_PAYMENT_RECORD,INVESTIGATE_AND_RESOLVE
S341,PAY00010,DUPLICATE_PAYMENT,DUPLICATE_PAYMENT_RECORD,INVESTIGATE_AND_RESOLVE
S342,PAY00015,SETTLEMENT_AMOUNT_MISMATCH,SETTLEMENT_AMOUNT_ERROR,INVESTIGATE_AND_RESOLVE
S343,PAY00019,DUPLICATE_PAYMENT,DUPLICATE_PAYMENT_RECORD,INVESTIGATE_AND_RESOLVE
S344,PAY00007,MISSING_SETTLEMENT,SETTLEMENT_RECORD_MISSING,INVESTIGATE_AND_RESOLVE
S345,PAY00004,MISSING_LEDGER_ENTRY,LEDGER_RECORD_MISSING,INVESTIGATE_AND_RESOLVE
S346,PAY00008,DUPLICATE_PAYMENT,DUPLICATE_PAYMENT_RECORD,INVESTIGATE_AND_RESOLVE
S347,PAY00005,SETTLEMENT_AMOUNT_MISMATCH,SETTLEMENT_AMOUNT_ERROR,INVESTIGATE_AND_RESOLVE
S348,PAY00020,DUPLICATE_PAYMENT,DUPLICATE_PAYMENT_RECORD,INVESTIGATE_AND_RESOLVE
S349,PAY00015,SETTLEMENT_AMOUNT_MISMATCH,SETTLEMENT_AMOUNT_ERROR,INVESTIGATE_AND_RESOLVE
S350,PAY00010,DUPLICATE_PAYMENT,DUPLICATE_PAYMENT_RECORD,INVESTIGATE_AND_RESOLVE
S351,PAY00017,MISSING_LEDGER_ENTRY,LEDGER_RECORD_MISSING,INVESTIGATE_AND_RESOLVE
S352,PAY00016,MISSING_SETTLEMENT,SETTLEMENT_RECORD_MISSING,INVESTIGATE_AND_RESOLVE
S353,PAY00003,MISSING_LEDGER_ENTRY,LEDGER_RECORD_MISSING,INVESTIGATE_AND_RESOLVE
S354,PAY00002,MISSING_SETTLEMENT,SETTLEMENT_RECORD_MISSING,INVESTIGATE_AND_RESOLVE
S355,PAY00011,MISSING_LEDGER_ENTRY,LEDGER_RECORD_MISSING,INVESTIGATE_AND_RESOLVE
S356,PAY00009,SETTLEMENT_AMOUNT_MISMATCH,SETTLEMENT_AMOUNT_ERROR,INVESTIGATE_AND_RESOLVE
S357,PAY00008,DUPLICATE_PAYMENT,DUPLICATE_PAYMENT_RECORD,INVESTIGATE_AND_RESOLVE
S358,PAY00019,MISSING_LEDGER_ENTRY,LEDGER_RECORD_MISSING,INVESTIGATE_AND_RESOLVE
S359,PAY00001,DUPLICATE_PAYMENT,DUPLICATE_PAYMENT_RECORD,INVESTIGATE_AND_RESOLVE
S360,PAY00009,MISSING_LEDGER_ENTRY,LEDGER_RECORD_MISSING,INVESTIGATE_AND_RESOLVE
S361,PAY00002,FEE_MISMATCH,FEE_AMOUNT_ERROR,INVESTIGATE_AND_RESOLVE
S362,PAY00017,DUPLICATE_PAYMENT,DUPLICATE_PAYMENT_RECORD,INVESTIGATE_AND_RESOLVE
S363,PAY00006,MISSING_LEDGER_ENTRY,LEDGER_RECORD_MISSING,INVESTIGATE_AND_RESOLVE
S364,PAY00014,DUPLICATE_PAYMENT,DUPLICATE_PAYMENT_RECORD,INVESTIGATE_AND_RESOLVE
S365,PAY00016,SETTLEMENT_AMOUNT_MISMATCH,SETTLEMENT_AMOUNT_ERROR,INVESTIGATE_AND_RESOLVE
S366,PAY00012,MISSING_SETTLEMENT,SETTLEMENT_RECORD_MISSING,INVESTIGATE_AND_RESOLVE
S367,PAY00004,FEE_MISMATCH,FEE_AMOUNT_ERROR,INVESTIGATE_AND_RESOLVE
S368,PAY00014,DUPLICATE_PAYMENT,DUPLICATE_PAYMENT_RECORD,INVESTIGATE_AND_RESOLVE
S369,PAY00013,MISSING_LEDGER_ENTRY,LEDGER_RECORD_MISSING,INVESTIGATE_AND_RESOLVE
S370,PAY00002,MISSING_SETTLEMENT,SETTLEMENT_RECORD_MISSING,INVESTIGATE_AND_RESOLVE
S371,PAY00009,REFUND_MISMATCH,REFUND_AMOUNT_ERROR,INVESTIGATE_AND_RESOLVE
S372,PAY00013,MISSING_LEDGER_ENTRY,LEDGER_RECORD_MISSING,INVESTIGATE_AND_RESOLVE
S373,PAY00001,DUPLICATE_PAYMENT,DUPLICATE_PAYMENT_RECORD,INVESTIGATE_AND_RESOLVE
S374,PAY00018,MISSING_SETTLEMENT,SETTLEMENT_RECORD_MISSING,INVESTIGATE_AND_RESOLVE
S375,PAY00014,SETTLEMENT_AMOUNT_MISMATCH,SETTLEMENT_AMOUNT_ERROR,INVESTIGATE_AND_RESOLVE
S376,PAY00017,REFUND_MISMATCH,REFUND_AMOUNT_ERROR,INVESTIGATE_AND_RESOLVE
S377,PAY00015,SETTLEMENT_AMOUNT_MISMATCH,SETTLEMENT_AMOUNT_ERROR,INVESTIGATE_AND_RESOLVE
S378,PAY00009,MISSING_LEDGER_ENTRY,LEDGER_RECORD_MISSING,INVESTIGATE_AND_RESOLVE
S379,PAY00015,DUPLICATE_PAYMENT,DUPLICATE_PAYMENT_RECORD,INVESTIGATE_AND_RESOLVE
S380,PAY00016,SETTLEMENT_AMOUNT_MISMATCH,SETTLEMENT_AMOUNT_ERROR,INVESTIGATE_AND_RESOLVE
S381,PAY00020,FEE_MISMATCH,FEE_AMOUNT_ERROR,INVESTIGATE_AND_RESOLVE
S382,PAY00010,MISSING_LEDGER_ENTRY,LEDGER_RECORD_MISSING,INVESTIGATE_AND_RESOLVE
S383,PAY00001,MISSING_LEDGER_ENTRY,LEDGER_RECORD_MISSING,INVESTIGATE_AND_RESOLVE
S384,PAY00014,SETTLEMENT_AMOUNT_MISMATCH,SETTLEMENT_AMOUNT_ERROR,INVESTIGATE_AND_RESOLVE
S385,PAY00004,MISSING_SETTLEMENT,SETTLEMENT_RECORD_MISSING,INVESTIGATE_AND_RESOLVE
S386,PAY00004,DUPLICATE_PAYMENT,DUPLICATE_PAYMENT_RECORD,INVESTIGATE_AND_RESOLVE
S387,PAY00005,MISSING_SETTLEMENT,SETTLEMENT_RECORD_MISSING,INVESTIGATE_AND_RESOLVE
S388,PAY00010,MISSING_LEDGER_ENTRY,LEDGER_RECORD_MISSING,INVESTIGATE_AND_RESOLVE
S389,PAY00009,MISSING_SETTLEMENT,SETTLEMENT_RECORD_MISSING,INVESTIGATE_AND_RESOLVE
S390,PAY00016,MISSING_SETTLEMENT,SETTLEMENT_RECORD_MISSING,INVESTIGATE_AND_RESOLVE
S391,PAY00008,MISSING_SETTLEMENT,SETTLEMENT_RECORD_MISSING,INVESTIGATE_AND_RESOLVE
S392,PAY00018,FEE_MISMATCH,FEE_AMOUNT_ERROR,INVESTIGATE_AND_RESOLVE
S393,PAY00007,MISSING_LEDGER_ENTRY,LEDGER_RECORD_MISSING,INVESTIGATE_AND_RESOLVE
S394,PAY00017,DUPLICATE_PAYMENT,DUPLICATE_PAYMENT_RECORD,INVESTIGATE_AND_RESOLVE
S395,PAY00005,SETTLEMENT_AMOUNT_MISMATCH,SETTLEMENT_AMOUNT_ERROR,INVESTIGATE_AND_RESOLVE
S396,PAY00017,REFUND_MISMATCH,REFUND_AMOUNT_ERROR,INVESTIGATE_AND_RESOLVE
S397,PAY00010,DUPLICATE_PAYMENT,DUPLICATE_PAYMENT_RECORD,INVESTIGATE_AND_RESOLVE
S398,PAY00010,MISSING_LEDGER_ENTRY,LEDGER_RECORD_MISSING,INVESTIGATE_AND_RESOLVE
S399,PAY00019,DUPLICATE_PAYMENT,DUPLICATE_PAYMENT_RECORD,INVESTIGATE_AND_RESOLVE
S400,PAY00016,FEE_MISMATCH,FEE_AMOUNT_ERROR,INVESTIGATE_AND_RESOLVE
S401,PAY00018,MISSING_SETTLEMENT,SETTLEMENT_RECORD_MISSING,INVESTIGATE_AND_RESOLVE
S402,PAY00018,MISSING_LEDGER_ENTRY,LEDGER_RECORD_MISSING,INVESTIGATE_AND_RESOLVE
S403,PAY00013,MISSING_SETTLEMENT,SETTLEMENT_RECORD_MISSING,INVESTIGATE_AND_RESOLVE
S404,PAY00011,FEE_MISMATCH,FEE_AMOUNT_ERROR,INVESTIGATE_AND_RESOLVE
S405,PAY00019,MISSING_SETTLEMENT,SETTLEMENT_RECORD_MISSING,INVESTIGATE_AND_RESOLVE
S406,PAY00008,MISSING_SETTLEMENT,SETTLEMENT_RECORD_MISSING,INVESTIGATE_AND_RESOLVE
S407,PAY00016,DUPLICATE_PAYMENT,DUPLICATE_PAYMENT_RECORD,INVESTIGATE_AND_RESOLVE
S408,PAY00013,MISSING_SETTLEMENT,SETTLEMENT_RECORD_MISSING,INVESTIGATE_AND_RESOLVE
S409,PAY00005,MISSING_SETTLEMENT,SETTLEMENT_RECORD_MISSING,INVESTIGATE_AND_RESOLVE
S410,PAY00002,FEE_MISMATCH,FEE_AMOUNT_ERROR,INVESTIGATE_AND_RESOLVE
S411,PAY00004,MISSING_SETTLEMENT,SETTLEMENT_RECORD_MISSING,INVESTIGATE_AND_RESOLVE
S412,PAY00004,MISSING_LEDGER_ENTRY,LEDGER_RECORD_MISSING,INVESTIGATE_AND_RESOLVE
S413,PAY00015,SETTLEMENT_AMOUNT_MISMATCH,SETTLEMENT_AMOUNT_ERROR,INVESTIGATE_AND_RESOLVE
S414,PAY00005,MISSING_SETTLEMENT,SETTLEMENT_RECORD_MISSING,INVESTIGATE_AND_RESOLVE
S415,PAY00005,SETTLEMENT_AMOUNT_MISMATCH,SETTLEMENT_AMOUNT_ERROR,INVESTIGATE_AND_RESOLVE
S416,PAY00009,REFUND_MISMATCH,REFUND_AMOUNT_ERROR,INVESTIGATE_AND_RESOLVE
S417,PAY00018,MISSING_SETTLEMENT,SETTLEMENT_RECORD_MISSING,INVESTIGATE_AND_RESOLVE
S418,PAY00011,DUPLICATE_PAYMENT,DUPLICATE_PAYMENT_RECORD,INVESTIGATE_AND_RESOLVE
S419,PAY00016,MISSING_LEDGER_ENTRY,LEDGER_RECORD_MISSING,INVESTIGATE_AND_RESOLVE
S420,PAY00002,MISSING_LEDGER_ENTRY,LEDGER_RECORD_MISSING,INVESTIGATE_AND_RESOLVE
S421,PAY00003,FEE_MISMATCH,FEE_AMOUNT_ERROR,INVESTIGATE_AND_RESOLVE
S422,PAY00008,DUPLICATE_PAYMENT,DUPLICATE_PAYMENT_RECORD,INVESTIGATE_AND_RESOLVE
S423,PAY00003,MISSING_SETTLEMENT,SETTLEMENT_RECORD_MISSING,INVESTIGATE_AND_RESOLVE
S424,PAY00004,DUPLICATE_PAYMENT,DUPLICATE_PAYMENT_RECORD,INVESTIGATE_AND_RESOLVE
S425,PAY00004,MISSING_SETTLEMENT,SETTLEMENT_RECORD_MISSING,INVESTIGATE_AND_RESOLVE
S426,PAY00006,DUPLICATE_PAYMENT,DUPLICATE_PAYMENT_RECORD,INVESTIGATE_AND_RESOLVE
S427,PAY00010,SETTLEMENT_AMOUNT_MISMATCH,SETTLEMENT_AMOUNT_ERROR,INVESTIGATE_AND_RESOLVE
S428,PAY00011,SETTLEMENT_AMOUNT_MISMATCH,SETTLEMENT_AMOUNT_ERROR,INVESTIGATE_AND_RESOLVE
S429,PAY00014,FEE_MISMATCH,FEE_AMOUNT_ERROR,INVESTIGATE_AND_RESOLVE
S430,PAY00017,MISSING_SETTLEMENT,SETTLEMENT_RECORD_MISSING,INVESTIGATE_AND_RESOLVE
S431,PAY00019,DUPLICATE_PAYMENT,DUPLICATE_PAYMENT_RECORD,INVESTIGATE_AND_RESOLVE
S432,PAY00006,FEE_MISMATCH,FEE_AMOUNT_ERROR,INVESTIGATE_AND_RESOLVE
S433,PAY00003,MISSING_LEDGER_ENTRY,LEDGER_RECORD_MISSING,INVESTIGATE_AND_RESOLVE
S434,PAY00013,MISSING_LEDGER_ENTRY,LEDGER_RECORD_MISSING,INVESTIGATE_AND_RESOLVE
S435,PAY00008,MISSING_SETTLEMENT,SETTLEMENT_RECORD_MISSING,INVESTIGATE_AND_RESOLVE
S436,PAY00019,FEE_MISMATCH,FEE_AMOUNT_ERROR,INVESTIGATE_AND_RESOLVE
S437,PAY00015,DUPLICATE_PAYMENT,DUPLICATE_PAYMENT_RECORD,INVESTIGATE_AND_RESOLVE
S438,PAY00009,MISSING_SETTLEMENT,SETTLEMENT_RECORD_MISSING,INVESTIGATE_AND_RESOLVE
S439,PAY00009,DUPLICATE_PAYMENT,DUPLICATE_PAYMENT_RECORD,INVESTIGATE_AND_RESOLVE
S440,PAY00001,MISSING_SETTLEMENT,SETTLEMENT_RECORD_MISSING,INVESTIGATE_AND_RESOLVE
S441,PAY00010,DUPLICATE_PAYMENT,DUPLICATE_PAYMENT_RECORD,INVESTIGATE_AND_RESOLVE
S442,PAY00014,DUPLICATE_PAYMENT,DUPLICATE_PAYMENT_RECORD,INVESTIGATE_AND_RESOLVE
S443,PAY00009,MISSING_SETTLEMENT,SETTLEMENT_RECORD_MISSING,INVESTIGATE_AND_RESOLVE
S444,PAY00010,FEE_MISMATCH,FEE_AMOUNT_ERROR,INVESTIGATE_AND_RESOLVE
S445,PAY00016,SETTLEMENT_AMOUNT_MISMATCH,SETTLEMENT_AMOUNT_ERROR,INVESTIGATE_AND_RESOLVE
S446,PAY00013,MISSING_LEDGER_ENTRY,LEDGER_RECORD_MISSING,INVESTIGATE_AND_RESOLVE
S447,PAY00012,MISSING_LEDGER_ENTRY,LEDGER_RECORD_MISSING,INVESTIGATE_AND_RESOLVE
S448,PAY00010,DUPLICATE_PAYMENT,DUPLICATE_PAYMENT_RECORD,INVESTIGATE_AND_RESOLVE
S449,PAY00010,SETTLEMENT_AMOUNT_MISMATCH,SETTLEMENT_AMOUNT_ERROR,INVESTIGATE_AND_RESOLVE
S450,PAY00001,MISSING_LEDGER_ENTRY,LEDGER_RECORD_MISSING,INVESTIGATE_AND_RESOLVE
S451,PAY00002,MISSING_LEDGER_ENTRY,LEDGER_RECORD_MISSING,INVESTIGATE_AND_RESOLVE
S452,PAY00008,MISSING_LEDGER_ENTRY,LEDGER_RECORD_MISSING,INVESTIGATE_AND_RESOLVE
S453,PAY00020,REFUND_MISMATCH,REFUND_AMOUNT_ERROR,INVESTIGATE_AND_RESOLVE
S454,PAY00004,DUPLICATE_PAYMENT,DUPLICATE_PAYMENT_RECORD,INVESTIGATE_AND_RESOLVE
S455,PAY00015,SETTLEMENT_AMOUNT_MISMATCH,SETTLEMENT_AMOUNT_ERROR,INVESTIGATE_AND_RESOLVE
S456,PAY00012,DUPLICATE_PAYMENT,DUPLICATE_PAYMENT_RECORD,INVESTIGATE_AND_RESOLVE
S457,PAY00005,SETTLEMENT_AMOUNT_MISMATCH,SETTLEMENT_AMOUNT_ERROR,INVESTIGATE_AND_RESOLVE
S458,PAY00011,DUPLICATE_PAYMENT,DUPLICATE_PAYMENT_RECORD,INVESTIGATE_AND_RESOLVE
S459,PAY00014,FEE_MISMATCH,FEE_AMOUNT_ERROR,INVESTIGATE_AND_RESOLVE
S460,PAY00005,MISSING_LEDGER_ENTRY,LEDGER_RECORD_MISSING,INVESTIGATE_AND_RESOLVE
S461,PAY00012,MISSING_LEDGER_ENTRY,LEDGER_RECORD_MISSING,INVESTIGATE_AND_RESOLVE
S462,PAY00017,REFUND_MISMATCH,REFUND_AMOUNT_ERROR,INVESTIGATE_AND_RESOLVE
S463,PAY00009,MISSING_SETTLEMENT,SETTLEMENT_RECORD_MISSING,INVESTIGATE_AND_RESOLVE
S464,PAY00010,DUPLICATE_PAYMENT,DUPLICATE_PAYMENT_RECORD,INVESTIGATE_AND_RESOLVE
S465,PAY00011,SETTLEMENT_AMOUNT_MISMATCH,SETTLEMENT_AMOUNT_ERROR,INVESTIGATE_AND_RESOLVE
S466,PAY00003,FEE_MISMATCH,FEE_AMOUNT_ERROR,INVESTIGATE_AND_RESOLVE
S467,PAY00013,MISSING_LEDGER_ENTRY,LEDGER_RECORD_MISSING,INVESTIGATE_AND_RESOLVE
S468,PAY00012,SETTLEMENT_AMOUNT_MISMATCH,SETTLEMENT_AMOUNT_ERROR,INVESTIGATE_AND_RESOLVE
S469,PAY00018,SETTLEMENT_AMOUNT_MISMATCH,SETTLEMENT_AMOUNT_ERROR,INVESTIGATE_AND_RESOLVE
S470,PAY00012,DUPLICATE_PAYMENT,DUPLICATE_PAYMENT_RECORD,INVESTIGATE_AND_RESOLVE
S471,PAY00009,MISSING_LEDGER_ENTRY,LEDGER_RECORD_MISSING,INVESTIGATE_AND_RESOLVE
S472,PAY00013,DUPLICATE_PAYMENT,DUPLICATE_PAYMENT_RECORD,INVESTIGATE_AND_RESOLVE
S473,PAY00012,SETTLEMENT_AMOUNT_MISMATCH,SETTLEMENT_AMOUNT_ERROR,INVESTIGATE_AND_RESOLVE
S474,PAY00008,MISSING_SETTLEMENT,SETTLEMENT_RECORD_MISSING,INVESTIGATE_AND_RESOLVE
S475,PAY00001,MISSING_LEDGER_ENTRY,LEDGER_RECORD_MISSING,INVESTIGATE_AND_RESOLVE
S476,PAY00020,FEE_MISMATCH,FEE_AMOUNT_ERROR,INVESTIGATE_AND_RESOLVE
S477,PAY00015,DUPLICATE_PAYMENT,DUPLICATE_PAYMENT_RECORD,INVESTIGATE_AND_RESOLVE
S478,PAY00010,DUPLICATE_PAYMENT,DUPLICATE_PAYMENT_RECORD,INVESTIGATE_AND_RESOLVE
S479,PAY00014,SETTLEMENT_AMOUNT_MISMATCH,SETTLEMENT_AMOUNT_ERROR,INVESTIGATE_AND_RESOLVE
S480,PAY00002,SETTLEMENT_AMOUNT_MISMATCH,SETTLEMENT_AMOUNT_ERROR,INVESTIGATE_AND_RESOLVE
S481,PAY00016,SETTLEMENT_AMOUNT_MISMATCH,SETTLEMENT_AMOUNT_ERROR,INVESTIGATE_AND_RESOLVE
S482,PAY00008,MISSING_LEDGER_ENTRY,LEDGER_RECORD_MISSING,INVESTIGATE_AND_RESOLVE
S483,PAY00005,MISSING_SETTLEMENT,SETTLEMENT_RECORD_MISSING,INVESTIGATE_AND_RESOLVE
S484,PAY00018,MISSING_SETTLEMENT,SETTLEMENT_RECORD_MISSING,INVESTIGATE_AND_RESOLVE
S485,PAY00019,DUPLICATE_PAYMENT,DUPLICATE_PAYMENT_RECORD,INVESTIGATE_AND_RESOLVE
S486,PAY00005,MISSING_SETTLEMENT,SETTLEMENT_RECORD_MISSING,INVESTIGATE_AND_RESOLVE
S487,PAY00004,MISSING_SETTLEMENT,SETTLEMENT_RECORD_MISSING,INVESTIGATE_AND_RESOLVE
S488,PAY00020,MISSING_SETTLEMENT,SETTLEMENT_RECORD_MISSING,INVESTIGATE_AND_RESOLVE
S489,PAY00009,SETTLEMENT_AMOUNT_MISMATCH,SETTLEMENT_AMOUNT_ERROR,INVESTIGATE_AND_RESOLVE
S490,PAY00012,FEE_MISMATCH,FEE_AMOUNT_ERROR,INVESTIGATE_AND_RESOLVE
S491,PAY00015,FEE_MISMATCH,FEE_AMOUNT_ERROR,INVESTIGATE_AND_RESOLVE
S492,PAY00004,DUPLICATE_PAYMENT,DUPLICATE_PAYMENT_RECORD,INVESTIGATE_AND_RESOLVE
S493,PAY00012,MISSING_LEDGER_ENTRY,LEDGER_RECORD_MISSING,INVESTIGATE_AND_RESOLVE
S494,PAY00012,SETTLEMENT_AMOUNT_MISMATCH,SETTLEMENT_AMOUNT_ERROR,INVESTIGATE_AND_RESOLVE
S495,PAY00015,SETTLEMENT_AMOUNT_MISMATCH,SETTLEMENT_AMOUNT_ERROR,INVESTIGATE_AND_RESOLVE
S496,PAY00007,DUPLICATE_PAYMENT,DUPLICATE_PAYMENT_RECORD,INVESTIGATE_AND_RESOLVE
S497,PAY00020,SETTLEMENT_AMOUNT_MISMATCH,SETTLEMENT_AMOUNT_ERROR,INVESTIGATE_AND_RESOLVE
S498,PAY00011,FEE_MISMATCH,FEE_AMOUNT_ERROR,INVESTIGATE_AND_RESOLVE
S499,PAY00019,FEE_MISMATCH,FEE_AMOUNT_ERROR,INVESTIGATE_AND_RESOLVE
S500,PAY00018,FEE_MISMATCH,FEE_AMOUNT_ERROR,INVESTIGATE_AND_RESOLVE
